"product","group","closest_by","similarity"
"Spinach_II","most","Spinach_III",0.935
"Spinach_II","most","Spinach_I",0.912
"Spinach_II","most","Onion_II",0.851
"Spinach_II","most","Onion_I",0.832
"Spinach_II","most","Onion_III",0.828
"Spinach_II","most","Cassis_I",0.812
"Spinach_II","most","Cassis_II",0.761
"Spinach_II","most","Cassis_III",0.751
"Spinach_II","most","BitterLemon_II",0.66
"Spinach_II","most","BitterLemon_III",0.655
"Spinach_II","least","Pringles_II",0.06
"Spinach_II","least","Pringles_I",0.061
"Spinach_II","least","ShoppingBag_I",0.068
"Spinach_II","least","Twix_I",0.071
"Spinach_II","least","Twix_III",0.088
"Spinach_II","least","Pringles_III",0.096
"Spinach_II","least","ShoppingBag_III",0.098
"Spinach_II","least","Twix_II",0.104
"Spinach_II","least","Coffee_II",0.107
"Spinach_II","least","Coffee_I",0.124
"Spinach_III","most","Spinach_II",0.935
"Spinach_III","most","Spinach_I",0.923
"Spinach_III","most","Onion_I",0.875
"Spinach_III","most","Onion_III",0.869
"Spinach_III","most","Onion_II",0.844
"Spinach_III","most","Cassis_III",0.825
"Spinach_III","most","Cassis_I",0.823
"Spinach_III","most","Cassis_II",0.797
"Spinach_III","most","Eggplant_I",0.75
"Spinach_III","most","BitterLemon_II",0.725
"Spinach_III","least","Coffee_II",0.126
"Spinach_III","least","Twix_I",0.128
"Spinach_III","least","Pringles_I",0.131
"Spinach_III","least","ShoppingBag_I",0.138
"Spinach_III","least","Pringles_II",0.143
"Spinach_III","least","Coffee_I",0.147
"Spinach_III","least","Twix_III",0.165
"Spinach_III","least","Twix_II",0.167
"Spinach_III","least","Pringles_III",0.175
"Spinach_III","least","ShoppingBag_III",0.183
"Spinach_I","most","Spinach_III",0.923
"Spinach_I","most","Spinach_II",0.912
"Spinach_I","most","Onion_I",0.899
"Spinach_I","most","Onion_II",0.882
"Spinach_I","most","Onion_III",0.853
"Spinach_I","most","Cassis_I",0.819
"Spinach_I","most","Cassis_II",0.815
"Spinach_I","most","Cassis_III",0.807
"Spinach_I","most","BitterLemon_II",0.732
"Spinach_I","most","BitterLemon_III",0.729
"Spinach_I","least","Coffee_II",0.04
"Spinach_I","least","Coffee_I",0.074
"Spinach_I","least","ShoppingBag_I",0.107
"Spinach_I","least","Coffee_III",0.11
"Spinach_I","least","Pringles_I",0.12
"Spinach_I","least","Twix_I",0.153
"Spinach_I","least","Pringles_II",0.154
"Spinach_I","least","Grapes_III",0.159
"Spinach_I","least","ShoppingBag_II",0.167
"Spinach_I","least","ShoppingBag_III",0.167
"Onion_II","most","Onion_I",0.922
"Onion_II","most","Onion_III",0.886
"Onion_II","most","Spinach_I",0.882
"Onion_II","most","Spinach_II",0.851
"Onion_II","most","Spinach_III",0.844
"Onion_II","most","Eggplant_I",0.82
"Onion_II","most","Eggplant_III",0.814
"Onion_II","most","Eggplant_II",0.784
"Onion_II","most","Cassis_I",0.76
"Onion_II","most","Cassis_II",0.743
"Onion_II","least","Coffee_I",0.001
"Onion_II","least","Coffee_II",0.029
"Onion_II","least","Coffee_III",0.052
"Onion_II","least","ShoppingBag_I",0.063
"Onion_II","least","ShoppingBag_II",0.069
"Onion_II","least","Pringles_I",0.091
"Onion_II","least","ShoppingBag_III",0.114
"Onion_II","least","Twix_I",0.117
"Onion_II","least","Twix_III",0.124
"Onion_II","least","Pringles_III",0.141
"Onion_I","most","Onion_II",0.922
"Onion_I","most","Onion_III",0.914
"Onion_I","most","Spinach_I",0.899
"Onion_I","most","Spinach_III",0.875
"Onion_I","most","Spinach_II",0.832
"Onion_I","most","Eggplant_I",0.819
"Onion_I","most","Eggplant_III",0.792
"Onion_I","most","Eggplant_II",0.774
"Onion_I","most","Cassis_II",0.756
"Onion_I","most","Cassis_III",0.751
"Onion_I","least","Coffee_II",0.005
"Onion_I","least","Coffee_I",0.012
"Onion_I","least","Coffee_III",0.042
"Onion_I","least","ShoppingBag_I",0.055
"Onion_I","least","ShoppingBag_II",0.093
"Onion_I","least","Pringles_I",0.126
"Onion_I","least","Twix_I",0.127
"Onion_I","least","ShoppingBag_III",0.133
"Onion_I","least","Cola_I",0.144
"Onion_I","least","Twix_III",0.146
"Onion_III","most","Onion_I",0.914
"Onion_III","most","Onion_II",0.886
"Onion_III","most","Spinach_III",0.869
"Onion_III","most","Eggplant_I",0.859
"Onion_III","most","Spinach_I",0.853
"Onion_III","most","Eggplant_III",0.832
"Onion_III","most","Eggplant_II",0.829
"Onion_III","most","Spinach_II",0.828
"Onion_III","most","Cassis_I",0.752
"Onion_III","most","Cassis_III",0.751
"Onion_III","least","Coffee_I",0.004
"Onion_III","least","Coffee_II",0.044
"Onion_III","least","ShoppingBag_I",0.048
"Onion_III","least","Pringles_I",0.058
"Onion_III","least","Coffee_III",0.067
"Onion_III","least","ShoppingBag_II",0.072
"Onion_III","least","Twix_I",0.084
"Onion_III","least","Pringles_II",0.098
"Onion_III","least","Twix_III",0.105
"Onion_III","least","Twix_II",0.116
"Eggplant_I","most","Eggplant_III",0.94
"Eggplant_I","most","Eggplant_II",0.927
"Eggplant_I","most","Cucumbers_III",0.865
"Eggplant_I","most","Onion_III",0.859
"Eggplant_I","most","BitterLemon_III",0.836
"Eggplant_I","most","Cucumbers_I",0.835
"Eggplant_I","most","Cucumbers_II",0.834
"Eggplant_I","most","BitterLemon_II",0.823
"Eggplant_I","most","Onion_II",0.82
"Eggplant_I","most","Onion_I",0.819
"Eggplant_I","least","ShoppingBag_II",0.112
"Eggplant_I","least","Pringles_I",0.131
"Eggplant_I","least","ShoppingBag_I",0.137
"Eggplant_I","least","Coffee_I",0.144
"Eggplant_I","least","Twix_I",0.167
"Eggplant_I","least","Coffee_II",0.173
"Eggplant_I","least","Twix_III",0.2
"Eggplant_I","least","Coffee_III",0.203
"Eggplant_I","least","ShoppingBag_III",0.21
"Eggplant_I","least","Twix_II",0.249
"Eggplant_III","most","Eggplant_I",0.94
"Eggplant_III","most","Eggplant_II",0.929
"Eggplant_III","most","Cucumbers_III",0.851
"Eggplant_III","most","Cucumbers_I",0.851
"Eggplant_III","most","Onion_III",0.832
"Eggplant_III","most","Cucumbers_II",0.83
"Eggplant_III","most","Onion_II",0.814
"Eggplant_III","most","Onion_I",0.792
"Eggplant_III","most","BitterLemon_III",0.784
"Eggplant_III","most","BitterLemon_II",0.779
"Eggplant_III","least","ShoppingBag_II",0.062
"Eggplant_III","least","Coffee_I",0.125
"Eggplant_III","least","Pringles_I",0.125
"Eggplant_III","least","ShoppingBag_I",0.129
"Eggplant_III","least","Twix_I",0.146
"Eggplant_III","least","ShoppingBag_III",0.167
"Eggplant_III","least","Twix_III",0.167
"Eggplant_III","least","Coffee_II",0.17
"Eggplant_III","least","Coffee_III",0.18
"Eggplant_III","least","Pringles_II",0.211
"Eggplant_II","most","Eggplant_III",0.929
"Eggplant_II","most","Eggplant_I",0.927
"Eggplant_II","most","Cucumbers_III",0.834
"Eggplant_II","most","Onion_III",0.829
"Eggplant_II","most","Cucumbers_II",0.81
"Eggplant_II","most","Cucumbers_I",0.792
"Eggplant_II","most","Onion_II",0.784
"Eggplant_II","most","Onion_I",0.774
"Eggplant_II","most","BitterLemon_III",0.77
"Eggplant_II","most","Zucchini_I",0.739
"Eggplant_II","least","ShoppingBag_II",0.045
"Eggplant_II","least","Coffee_I",0.076
"Eggplant_II","least","Coffee_II",0.087
"Eggplant_II","least","ShoppingBag_I",0.111
"Eggplant_II","least","Pringles_I",0.115
"Eggplant_II","least","Coffee_III",0.115
"Eggplant_II","least","Twix_I",0.129
"Eggplant_II","least","Twix_III",0.145
"Eggplant_II","least","ShoppingBag_III",0.158
"Eggplant_II","least","Pringles_II",0.219
"Coffee_II","most","Coffee_I",0.934
"Coffee_II","most","Cola_I",0.916
"Coffee_II","most","Coffee_III",0.915
"Coffee_II","most","Cola_III",0.911
"Coffee_II","most","Tomatoes_III",0.882
"Coffee_II","most","Cola_II",0.864
"Coffee_II","most","Tomatoes_II",0.863
"Coffee_II","most","Tomatoes_I",0.861
"Coffee_II","most","Lemonade_II",0.794
"Coffee_II","most","Peppers_III",0.778
"Coffee_II","least","Onion_I",0.005
"Coffee_II","least","Onion_II",0.029
"Coffee_II","least","Spinach_I",0.04
"Coffee_II","least","Onion_III",0.044
"Coffee_II","least","Eggplant_II",0.087
"Coffee_II","least","Spinach_II",0.107
"Coffee_II","least","Spinach_III",0.126
"Coffee_II","least","Eggplant_III",0.17
"Coffee_II","least","Eggplant_I",0.173
"Coffee_II","least","Pringles_I",0.185
"Coffee_I","most","Coffee_III",0.937
"Coffee_I","most","Coffee_II",0.934
"Coffee_I","most","Cola_III",0.903
"Coffee_I","most","Cola_I",0.901
"Coffee_I","most","Cola_II",0.888
"Coffee_I","most","Tomatoes_II",0.88
"Coffee_I","most","Tomatoes_III",0.877
"Coffee_I","most","Tomatoes_I",0.862
"Coffee_I","most","Peppers_III",0.794
"Coffee_I","most","Peppers_I",0.764
"Coffee_I","least","Onion_II",0.001
"Coffee_I","least","Onion_III",0.004
"Coffee_I","least","Onion_I",0.012
"Coffee_I","least","Spinach_I",0.074
"Coffee_I","least","Eggplant_II",0.076
"Coffee_I","least","Spinach_II",0.124
"Coffee_I","least","Eggplant_III",0.125
"Coffee_I","least","Eggplant_I",0.144
"Coffee_I","least","Spinach_III",0.147
"Coffee_I","least","Pringles_I",0.154
"Coffee_III","most","Coffee_I",0.937
"Coffee_III","most","Cola_III",0.931
"Coffee_III","most","Cola_II",0.916
"Coffee_III","most","Coffee_II",0.915
"Coffee_III","most","Tomatoes_II",0.905
"Coffee_III","most","Tomatoes_III",0.903
"Coffee_III","most","Cola_I",0.886
"Coffee_III","most","Tomatoes_I",0.882
"Coffee_III","most","Peppers_III",0.782
"Coffee_III","most","Lemonade_III",0.779
"Coffee_III","least","Onion_I",0.042
"Coffee_III","least","Onion_II",0.052
"Coffee_III","least","Onion_III",0.067
"Coffee_III","least","Spinach_I",0.11
"Coffee_III","least","Eggplant_II",0.115
"Coffee_III","least","Spinach_II",0.162
"Coffee_III","least","Eggplant_III",0.18
"Coffee_III","least","Pringles_I",0.194
"Coffee_III","least","Spinach_III",0.202
"Coffee_III","least","Eggplant_I",0.203
"Grapes_I","most","Grapes_II",0.964
"Grapes_I","most","Grapes_III",0.94
"Grapes_I","most","Grapefruit_I",0.912
"Grapes_I","most","Grapefruit_III",0.898
"Grapes_I","most","Mangoes_I",0.895
"Grapes_I","most","Grapefruit_II",0.892
"Grapes_I","most","Mangoes_II",0.891
"Grapes_I","most","Mangoes_III",0.888
"Grapes_I","most","Bananas_I",0.808
"Grapes_I","most","Lime_II",0.804
"Grapes_I","least","ShoppingBag_II",-0.049
"Grapes_I","least","ShoppingBag_I",-0.044
"Grapes_I","least","Pringles_I",-0.028
"Grapes_I","least","ShoppingBag_III",0.001
"Grapes_I","least","Twix_I",0.015
"Grapes_I","least","Twix_III",0.03
"Grapes_I","least","Pringles_II",0.047
"Grapes_I","least","Snacks_II",0.062
"Grapes_I","least","Snacks_III",0.082
"Grapes_I","least","Twix_II",0.088
"Oranges_III","most","Oranges_I",0.943
"Oranges_III","most","Oranges_II",0.926
"Oranges_III","most","Kiwi_II",0.921
"Oranges_III","most","Kiwi_I",0.915
"Oranges_III","most","Kiwi_III",0.91
"Oranges_III","most","Pineapples_I",0.867
"Oranges_III","most","Pineapples_III",0.855
"Oranges_III","most","Pineapples_II",0.834
"Oranges_III","most","Apples_I",0.8
"Oranges_III","most","Lime_I",0.799
"Oranges_III","least","ShoppingBag_II",-0.108
"Oranges_III","least","ShoppingBag_I",-0.08
"Oranges_III","least","ShoppingBag_III",-0.058
"Oranges_III","least","Pringles_I",0.002
"Oranges_III","least","Twix_III",0.034
"Oranges_III","least","Twix_I",0.037
"Oranges_III","least","Pringles_III",0.103
"Oranges_III","least","Snacks_III",0.116
"Oranges_III","least","Snacks_II",0.117
"Oranges_III","least","Pringles_II",0.12
"Oranges_II","most","Oranges_III",0.926
"Oranges_II","most","Kiwi_III",0.913
"Oranges_II","most","Oranges_I",0.907
"Oranges_II","most","Kiwi_II",0.905
"Oranges_II","most","Kiwi_I",0.903
"Oranges_II","most","Pineapples_III",0.864
"Oranges_II","most","Pineapples_II",0.849
"Oranges_II","most","Pineapples_I",0.842
"Oranges_II","most","Lime_II",0.773
"Oranges_II","most","Apples_I",0.764
"Oranges_II","least","ShoppingBag_I",-0.085
"Oranges_II","least","ShoppingBag_II",-0.063
"Oranges_II","least","ShoppingBag_III",-0.062
"Oranges_II","least","Pringles_I",-0.006
"Oranges_II","least","Twix_III",0.051
"Oranges_II","least","Twix_I",0.057
"Oranges_II","least","Pringles_II",0.09
"Oranges_II","least","Pringles_III",0.095
"Oranges_II","least","Snacks_III",0.098
"Oranges_II","least","Snacks_II",0.116
"Grapes_II","most","Grapes_I",0.964
"Grapes_II","most","Grapes_III",0.954
"Grapes_II","most","Grapefruit_III",0.894
"Grapes_II","most","Grapefruit_I",0.893
"Grapes_II","most","Mangoes_I",0.892
"Grapes_II","most","Grapefruit_II",0.885
"Grapes_II","most","Mangoes_II",0.876
"Grapes_II","most","Mangoes_III",0.869
"Grapes_II","most","Bananas_I",0.786
"Grapes_II","most","Lime_II",0.771
"Grapes_II","least","ShoppingBag_I",-0.073
"Grapes_II","least","ShoppingBag_II",-0.068
"Grapes_II","least","Pringles_I",-0.056
"Grapes_II","least","Twix_I",-0.024
"Grapes_II","least","ShoppingBag_III",-0.015
"Grapes_II","least","Twix_III",0.005
"Grapes_II","least","Pringles_II",0.028
"Grapes_II","least","Snacks_II",0.039
"Grapes_II","least","Twix_II",0.066
"Grapes_II","least","Snacks_III",0.07
"Grapes_III","most","Grapes_II",0.954
"Grapes_III","most","Grapes_I",0.94
"Grapes_III","most","Grapefruit_I",0.875
"Grapes_III","most","Mangoes_I",0.869
"Grapes_III","most","Grapefruit_III",0.865
"Grapes_III","most","Grapefruit_II",0.857
"Grapes_III","most","Mangoes_III",0.852
"Grapes_III","most","Mangoes_II",0.844
"Grapes_III","most","Lime_III",0.749
"Grapes_III","most","Bananas_I",0.737
"Grapes_III","least","ShoppingBag_II",-0.048
"Grapes_III","least","ShoppingBag_I",-0.028
"Grapes_III","least","Pringles_I",-0.002
"Grapes_III","least","ShoppingBag_III",0.013
"Grapes_III","least","Twix_I",0.02
"Grapes_III","least","Twix_III",0.033
"Grapes_III","least","Pringles_II",0.079
"Grapes_III","least","Twix_II",0.084
"Grapes_III","least","Snacks_II",0.094
"Grapes_III","least","Pringles_III",0.1
"Oranges_I","most","Kiwi_I",0.953
"Oranges_I","most","Oranges_III",0.943
"Oranges_I","most","Kiwi_II",0.942
"Oranges_I","most","Kiwi_III",0.939
"Oranges_I","most","Pineapples_II",0.91
"Oranges_I","most","Pineapples_I",0.908
"Oranges_I","most","Pineapples_III",0.907
"Oranges_I","most","Oranges_II",0.907
"Oranges_I","most","Lime_II",0.855
"Oranges_I","most","Apples_I",0.846
"Oranges_I","least","ShoppingBag_II",0.01
"Oranges_I","least","ShoppingBag_I",0.03
"Oranges_I","least","ShoppingBag_III",0.062
"Oranges_I","least","Pringles_I",0.095
"Oranges_I","least","Twix_III",0.125
"Oranges_I","least","Twix_I",0.132
"Oranges_I","least","Spinach_II",0.166
"Oranges_I","least","Pringles_II",0.195
"Oranges_I","least","Snacks_III",0.204
"Oranges_I","least","Twix_II",0.207
"Cucumbers_III","most","Cucumbers_II",0.959
"Cucumbers_III","most","Cucumbers_I",0.916
"Cucumbers_III","most","Zucchini_I",0.902
"Cucumbers_III","most","Zucchini_II",0.89
"Cucumbers_III","most","Cauliflower_III",0.876
"Cucumbers_III","most","Cauliflower_II",0.871
"Cucumbers_III","most","Eggplant_I",0.865
"Cucumbers_III","most","Watermelons_I",0.859
"Cucumbers_III","most","Zucchini_III",0.857
"Cucumbers_III","most","Cauliflower_I",0.854
"Cucumbers_III","least","ShoppingBag_II",0.132
"Cucumbers_III","least","ShoppingBag_I",0.172
"Cucumbers_III","least","Pringles_I",0.184
"Cucumbers_III","least","Twix_I",0.212
"Cucumbers_III","least","Twix_III",0.231
"Cucumbers_III","least","ShoppingBag_III",0.237
"Cucumbers_III","least","Twix_II",0.283
"Cucumbers_III","least","Pringles_II",0.297
"Cucumbers_III","least","Pringles_III",0.3
"Cucumbers_III","least","Snacks_II",0.322
"Cucumbers_I","most","Cucumbers_II",0.934
"Cucumbers_I","most","Cucumbers_III",0.916
"Cucumbers_I","most","Cauliflower_III",0.894
"Cucumbers_I","most","Zucchini_I",0.869
"Cucumbers_I","most","Peppers_I",0.858
"Cucumbers_I","most","Watermelons_I",0.857
"Cucumbers_I","most","Zucchini_II",0.852
"Cucumbers_I","most","Strawberries_III",0.852
"Cucumbers_I","most","Eggplant_III",0.851
"Cucumbers_I","most","Cauliflower_II",0.85
"Cucumbers_I","least","ShoppingBag_II",0.158
"Cucumbers_I","least","ShoppingBag_I",0.193
"Cucumbers_I","least","Pringles_I",0.201
"Cucumbers_I","least","ShoppingBag_III",0.253
"Cucumbers_I","least","Twix_I",0.263
"Cucumbers_I","least","Twix_III",0.299
"Cucumbers_I","least","Pringles_II",0.315
"Cucumbers_I","least","Snacks_II",0.322
"Cucumbers_I","least","Pringles_III",0.342
"Cucumbers_I","least","Snacks_III",0.347
"Cucumbers_II","most","Cucumbers_III",0.959
"Cucumbers_II","most","Cucumbers_I",0.934
"Cucumbers_II","most","Zucchini_II",0.883
"Cucumbers_II","most","Zucchini_I",0.883
"Cucumbers_II","most","Cauliflower_III",0.874
"Cucumbers_II","most","Watermelons_III",0.872
"Cucumbers_II","most","Watermelons_I",0.869
"Cucumbers_II","most","Cauliflower_I",0.862
"Cucumbers_II","most","Cauliflower_II",0.861
"Cucumbers_II","most","Strawberries_II",0.86
"Cucumbers_II","least","ShoppingBag_II",0.189
"Cucumbers_II","least","ShoppingBag_I",0.218
"Cucumbers_II","least","Pringles_I",0.226
"Cucumbers_II","least","Twix_I",0.27
"Cucumbers_II","least","ShoppingBag_III",0.275
"Cucumbers_II","least","Twix_III",0.293
"Cucumbers_II","least","Pringles_II",0.335
"Cucumbers_II","least","Pringles_III",0.356
"Cucumbers_II","least","Twix_II",0.361
"Cucumbers_II","least","Snacks_II",0.38
"Tomatoes_II","most","Tomatoes_I",0.954
"Tomatoes_II","most","Tomatoes_III",0.94
"Tomatoes_II","most","Cola_III",0.92
"Tomatoes_II","most","Cola_II",0.918
"Tomatoes_II","most","Coffee_III",0.905
"Tomatoes_II","most","Cola_I",0.891
"Tomatoes_II","most","Coffee_I",0.88
"Tomatoes_II","most","Coffee_II",0.863
"Tomatoes_II","most","Peppers_III",0.857
"Tomatoes_II","most","Peppers_I",0.841
"Tomatoes_II","least","Onion_II",0.198
"Tomatoes_II","least","Onion_I",0.215
"Tomatoes_II","least","Pringles_I",0.229
"Tomatoes_II","least","ShoppingBag_I",0.232
"Tomatoes_II","least","Onion_III",0.233
"Tomatoes_II","least","Spinach_I",0.235
"Tomatoes_II","least","Spinach_II",0.246
"Tomatoes_II","least","Twix_III",0.263
"Tomatoes_II","least","ShoppingBag_III",0.276
"Tomatoes_II","least","Twix_I",0.277
"Kiwi_III","most","Kiwi_II",0.95
"Kiwi_III","most","Kiwi_I",0.944
"Kiwi_III","most","Oranges_I",0.939
"Kiwi_III","most","Pineapples_II",0.93
"Kiwi_III","most","Oranges_II",0.913
"Kiwi_III","most","Pineapples_I",0.912
"Kiwi_III","most","Oranges_III",0.91
"Kiwi_III","most","Pineapples_III",0.908
"Kiwi_III","most","Lime_II",0.877
"Kiwi_III","most","Bananas_II",0.869
"Kiwi_III","least","ShoppingBag_I",-0.028
"Kiwi_III","least","ShoppingBag_II",-0.015
"Kiwi_III","least","ShoppingBag_III",-0.002
"Kiwi_III","least","Pringles_I",0.034
"Kiwi_III","least","Twix_III",0.084
"Kiwi_III","least","Twix_I",0.089
"Kiwi_III","least","Pringles_II",0.123
"Kiwi_III","least","Snacks_III",0.148
"Kiwi_III","least","Pringles_III",0.148
"Kiwi_III","least","Twix_II",0.157
"Kiwi_II","most","Kiwi_III",0.95
"Kiwi_II","most","Oranges_I",0.942
"Kiwi_II","most","Kiwi_I",0.941
"Kiwi_II","most","Pineapples_II",0.932
"Kiwi_II","most","Pineapples_I",0.923
"Kiwi_II","most","Oranges_III",0.921
"Kiwi_II","most","Pineapples_III",0.908
"Kiwi_II","most","Oranges_II",0.905
"Kiwi_II","most","Lime_II",0.885
"Kiwi_II","most","Lime_I",0.881
"Kiwi_II","least","ShoppingBag_I",-0.035
"Kiwi_II","least","ShoppingBag_II",-0.027
"Kiwi_II","least","Pringles_I",0.004
"Kiwi_II","least","ShoppingBag_III",0.006
"Kiwi_II","least","Twix_III",0.065
"Kiwi_II","least","Twix_I",0.066
"Kiwi_II","least","Snacks_III",0.137
"Kiwi_II","least","Pringles_II",0.138
"Kiwi_II","least","Snacks_II",0.139
"Kiwi_II","least","Pringles_III",0.145
"Grapefruit_III","most","Mangoes_III",0.947
"Grapefruit_III","most","Mangoes_I",0.937
"Grapefruit_III","most","Mangoes_II",0.932
"Grapefruit_III","most","Grapefruit_II",0.929
"Grapefruit_III","most","Grapefruit_I",0.919
"Grapefruit_III","most","Grapes_I",0.898
"Grapefruit_III","most","Grapes_II",0.894
"Grapefruit_III","most","Bananas_II",0.877
"Grapefruit_III","most","Bananas_I",0.869
"Grapefruit_III","most","Bananas_III",0.866
"Grapefruit_III","least","ShoppingBag_I",-0.008
"Grapefruit_III","least","ShoppingBag_II",-0.004
"Grapefruit_III","least","Pringles_I",0.045
"Grapefruit_III","least","ShoppingBag_III",0.046
"Grapefruit_III","least","Twix_I",0.059
"Grapefruit_III","least","Twix_III",0.074
"Grapefruit_III","least","Pringles_II",0.132
"Grapefruit_III","least","Twix_II",0.136
"Grapefruit_III","least","Snacks_II",0.173
"Grapefruit_III","least","Spinach_II",0.182
"Tomatoes_I","most","Tomatoes_II",0.954
"Tomatoes_I","most","Tomatoes_III",0.946
"Tomatoes_I","most","Cola_II",0.942
"Tomatoes_I","most","Cola_III",0.933
"Tomatoes_I","most","Cola_I",0.918
"Tomatoes_I","most","Peppers_III",0.904
"Tomatoes_I","most","Lemonade_I",0.897
"Tomatoes_I","most","Lemonade_III",0.896
"Tomatoes_I","most","Lemonade_II",0.894
"Tomatoes_I","most","Peppers_I",0.887
"Tomatoes_I","least","Onion_I",0.247
"Tomatoes_I","least","Onion_II",0.248
"Tomatoes_I","least","Spinach_II",0.257
"Tomatoes_I","least","ShoppingBag_I",0.27
"Tomatoes_I","least","Spinach_I",0.274
"Tomatoes_I","least","Onion_III",0.282
"Tomatoes_I","least","Pringles_I",0.283
"Tomatoes_I","least","ShoppingBag_II",0.292
"Tomatoes_I","least","Spinach_III",0.306
"Tomatoes_I","least","ShoppingBag_III",0.31
"Zucchini_II","most","Zucchini_I",0.96
"Zucchini_II","most","Zucchini_III",0.957
"Zucchini_II","most","Lemonade_I",0.917
"Zucchini_II","most","Peppers_III",0.914
"Zucchini_II","most","Lemonade_II",0.904
"Zucchini_II","most","Lemonade_III",0.899
"Zucchini_II","most","Peppers_I",0.899
"Zucchini_II","most","Cucumbers_III",0.89
"Zucchini_II","most","Sodawater_III",0.889
"Zucchini_II","most","BitterLemon_II",0.889
"Zucchini_II","least","ShoppingBag_II",0.301
"Zucchini_II","least","Pringles_I",0.307
"Zucchini_II","least","ShoppingBag_I",0.323
"Zucchini_II","least","Twix_I",0.346
"Zucchini_II","least","ShoppingBag_III",0.354
"Zucchini_II","least","Twix_III",0.357
"Zucchini_II","least","Twix_II",0.398
"Zucchini_II","least","Pringles_II",0.4
"Zucchini_II","least","Pringles_III",0.419
"Zucchini_II","least","Snacks_II",0.444
"Kiwi_I","most","Oranges_I",0.953
"Kiwi_I","most","Kiwi_III",0.944
"Kiwi_I","most","Kiwi_II",0.941
"Kiwi_I","most","Oranges_III",0.915
"Kiwi_I","most","Pineapples_II",0.905
"Kiwi_I","most","Oranges_II",0.903
"Kiwi_I","most","Pineapples_I",0.89
"Kiwi_I","most","Pineapples_III",0.884
"Kiwi_I","most","Lime_II",0.86
"Kiwi_I","most","Apples_III",0.859
"Kiwi_I","least","ShoppingBag_II",-0.057
"Kiwi_I","least","ShoppingBag_I",-0.048
"Kiwi_I","least","ShoppingBag_III",-0.044
"Kiwi_I","least","Pringles_I",0.01
"Kiwi_I","least","Twix_III",0.026
"Kiwi_I","least","Twix_I",0.048
"Kiwi_I","least","Pringles_II",0.11
"Kiwi_I","least","Pringles_III",0.111
"Kiwi_I","least","Snacks_III",0.125
"Kiwi_I","least","Twix_II",0.135
"BitterLemon_I","most","BitterLemon_III",0.947
"BitterLemon_I","most","BitterLemon_II",0.937
"BitterLemon_I","most","Tea_III",0.906
"BitterLemon_I","most","Cassis_III",0.892
"BitterLemon_I","most","Zucchini_II",0.876
"BitterLemon_I","most","Cassis_II",0.874
"BitterLemon_I","most","Tea_II",0.868
"BitterLemon_I","most","Zucchini_III",0.868
"BitterLemon_I","most","Sodawater_II",0.865
"BitterLemon_I","most","Cassis_I",0.861
"BitterLemon_I","least","Pringles_I",0.324
"BitterLemon_I","least","ShoppingBag_II",0.329
"BitterLemon_I","least","ShoppingBag_I",0.358
"BitterLemon_I","least","ShoppingBag_III",0.372
"BitterLemon_I","least","Twix_I",0.378
"BitterLemon_I","least","Grapes_III",0.394
"BitterLemon_I","least","Twix_III",0.397
"BitterLemon_I","least","Pringles_II",0.398
"BitterLemon_I","least","Grapes_II",0.408
"BitterLemon_I","least","Pringles_III",0.423
"Tomatoes_III","most","Tomatoes_I",0.946
"Tomatoes_III","most","Tomatoes_II",0.94
"Tomatoes_III","most","Cola_III",0.933
"Tomatoes_III","most","Cola_II",0.921
"Tomatoes_III","most","Cola_I",0.913
"Tomatoes_III","most","Coffee_III",0.903
"Tomatoes_III","most","Peppers_III",0.884
"Tomatoes_III","most","Coffee_II",0.882
"Tomatoes_III","most","Coffee_I",0.877
"Tomatoes_III","most","Watermelons_I",0.86
"Tomatoes_III","least","Onion_II",0.218
"Tomatoes_III","least","ShoppingBag_I",0.227
"Tomatoes_III","least","Spinach_I",0.231
"Tomatoes_III","least","Pringles_I",0.233
"Tomatoes_III","least","Onion_I",0.237
"Tomatoes_III","least","Spinach_II",0.243
"Tomatoes_III","least","ShoppingBag_II",0.268
"Tomatoes_III","least","ShoppingBag_III",0.274
"Tomatoes_III","least","Onion_III",0.284
"Tomatoes_III","least","Twix_I",0.289
"Grapefruit_II","most","Mangoes_III",0.952
"Grapefruit_II","most","Grapefruit_I",0.948
"Grapefruit_II","most","Mangoes_I",0.93
"Grapefruit_II","most","Grapefruit_III",0.929
"Grapefruit_II","most","Mangoes_II",0.915
"Grapefruit_II","most","Lime_II",0.909
"Grapefruit_II","most","Bananas_I",0.901
"Grapefruit_II","most","Bananas_II",0.899
"Grapefruit_II","most","Apples_III",0.896
"Grapefruit_II","most","Grapes_I",0.892
"Grapefruit_II","least","ShoppingBag_II",0.03
"Grapefruit_II","least","Pringles_I",0.031
"Grapefruit_II","least","ShoppingBag_I",0.032
"Grapefruit_II","least","ShoppingBag_III",0.06
"Grapefruit_II","least","Twix_I",0.087
"Grapefruit_II","least","Twix_III",0.109
"Grapefruit_II","least","Pringles_II",0.13
"Grapefruit_II","least","Snacks_II",0.165
"Grapefruit_II","least","Pringles_III",0.181
"Grapefruit_II","least","Twix_II",0.182
"Grapefruit_I","most","Grapefruit_II",0.948
"Grapefruit_I","most","Grapefruit_III",0.919
"Grapefruit_I","most","Mangoes_III",0.914
"Grapefruit_I","most","Mangoes_I",0.913
"Grapefruit_I","most","Grapes_I",0.912
"Grapefruit_I","most","Mangoes_II",0.903
"Grapefruit_I","most","Grapes_II",0.893
"Grapefruit_I","most","Bananas_II",0.879
"Grapefruit_I","most","Grapes_III",0.875
"Grapefruit_I","most","Apples_III",0.87
"Grapefruit_I","least","ShoppingBag_II",-0.039
"Grapefruit_I","least","Pringles_I",-0.03
"Grapefruit_I","least","ShoppingBag_I",-0.024
"Grapefruit_I","least","ShoppingBag_III",-0.016
"Grapefruit_I","least","Twix_I",0.012
"Grapefruit_I","least","Twix_III",0.027
"Grapefruit_I","least","Pringles_II",0.062
"Grapefruit_I","least","Pringles_III",0.095
"Grapefruit_I","least","Snacks_II",0.106
"Grapefruit_I","least","Twix_II",0.113
"BitterLemon_III","most","BitterLemon_II",0.975
"BitterLemon_III","most","BitterLemon_I",0.947
"BitterLemon_III","most","Tea_III",0.923
"BitterLemon_III","most","Cassis_I",0.905
"BitterLemon_III","most","Cassis_II",0.903
"BitterLemon_III","most","Cassis_III",0.903
"BitterLemon_III","most","Tea_II",0.901
"BitterLemon_III","most","Tea_I",0.889
"BitterLemon_III","most","Zucchini_II",0.887
"BitterLemon_III","most","Zucchini_III",0.872
"BitterLemon_III","least","ShoppingBag_II",0.327
"BitterLemon_III","least","Pringles_I",0.331
"BitterLemon_III","least","ShoppingBag_I",0.342
"BitterLemon_III","least","Twix_I",0.372
"BitterLemon_III","least","ShoppingBag_III",0.396
"BitterLemon_III","least","Twix_III",0.399
"BitterLemon_III","least","Grapes_III",0.443
"BitterLemon_III","least","Pringles_II",0.445
"BitterLemon_III","least","Twix_II",0.449
"BitterLemon_III","least","Oranges_II",0.45
"Zucchini_I","most","Zucchini_II",0.96
"Zucchini_I","most","Zucchini_III",0.942
"Zucchini_I","most","Cucumbers_III",0.902
"Zucchini_I","most","Peppers_I",0.899
"Zucchini_I","most","Lemonade_II",0.897
"Zucchini_I","most","Peppers_III",0.895
"Zucchini_I","most","Lemonade_I",0.894
"Zucchini_I","most","Peppers_II",0.894
"Zucchini_I","most","Sodawater_II",0.884
"Zucchini_I","most","Cucumbers_II",0.883
"Zucchini_I","least","ShoppingBag_II",0.276
"Zucchini_I","least","Pringles_I",0.313
"Zucchini_I","least","Twix_I",0.336
"Zucchini_I","least","ShoppingBag_I",0.339
"Zucchini_I","least","Twix_III",0.344
"Zucchini_I","least","ShoppingBag_III",0.353
"Zucchini_I","least","Twix_II",0.392
"Zucchini_I","least","Pringles_II",0.395
"Zucchini_I","least","Pringles_III",0.404
"Zucchini_I","least","Snacks_II",0.436
"ShoppingBag_III","most","ShoppingBag_II",0.937
"ShoppingBag_III","most","ShoppingBag_I",0.931
"ShoppingBag_III","most","Twix_I",0.931
"ShoppingBag_III","most","Pringles_III",0.921
"ShoppingBag_III","most","Pringles_I",0.917
"ShoppingBag_III","most","Twix_III",0.916
"ShoppingBag_III","most","Pringles_II",0.915
"ShoppingBag_III","most","Snacks_III",0.907
"ShoppingBag_III","most","Snacks_II",0.897
"ShoppingBag_III","most","Twix_II",0.88
"ShoppingBag_III","least","Oranges_II",-0.062
"ShoppingBag_III","least","Oranges_III",-0.058
"ShoppingBag_III","least","Apples_II",-0.056
"ShoppingBag_III","least","Kiwi_I",-0.044
"ShoppingBag_III","least","Grapefruit_I",-0.016
"ShoppingBag_III","least","Grapes_II",-0.015
"ShoppingBag_III","least","Kiwi_III",-0.002
"ShoppingBag_III","least","Grapes_I",0.001
"ShoppingBag_III","least","Kiwi_II",0.006
"ShoppingBag_III","least","Grapes_III",0.013
"BitterLemon_II","most","BitterLemon_III",0.975
"BitterLemon_II","most","BitterLemon_I",0.937
"BitterLemon_II","most","Cassis_III",0.925
"BitterLemon_II","most","Tea_III",0.924
"BitterLemon_II","most","Tea_I",0.912
"BitterLemon_II","most","Cassis_II",0.911
"BitterLemon_II","most","Cassis_I",0.907
"BitterLemon_II","most","Tea_II",0.897
"BitterLemon_II","most","Zucchini_II",0.889
"BitterLemon_II","most","Sodawater_II",0.873
"BitterLemon_II","least","Pringles_I",0.32
"BitterLemon_II","least","ShoppingBag_II",0.333
"BitterLemon_II","least","ShoppingBag_I",0.342
"BitterLemon_II","least","Twix_I",0.367
"BitterLemon_II","least","Twix_III",0.388
"BitterLemon_II","least","ShoppingBag_III",0.39
"BitterLemon_II","least","Pringles_II",0.422
"BitterLemon_II","least","Grapes_III",0.427
"BitterLemon_II","least","Twix_II",0.433
"BitterLemon_II","least","Pringles_III",0.448
"ShoppingBag_I","most","Twix_I",0.946
"ShoppingBag_I","most","ShoppingBag_II",0.935
"ShoppingBag_I","most","ShoppingBag_III",0.931
"ShoppingBag_I","most","Pringles_I",0.928
"ShoppingBag_I","most","Twix_II",0.924
"ShoppingBag_I","most","Twix_III",0.923
"ShoppingBag_I","most","Pringles_II",0.909
"ShoppingBag_I","most","Pringles_III",0.905
"ShoppingBag_I","most","Snacks_II",0.904
"ShoppingBag_I","most","Snacks_III",0.895
"ShoppingBag_I","least","Oranges_II",-0.085
"ShoppingBag_I","least","Oranges_III",-0.08
"ShoppingBag_I","least","Grapes_II",-0.073
"ShoppingBag_I","least","Kiwi_I",-0.048
"ShoppingBag_I","least","Grapes_I",-0.044
"ShoppingBag_I","least","Apples_II",-0.04
"ShoppingBag_I","least","Kiwi_II",-0.035
"ShoppingBag_I","least","Grapes_III",-0.028
"ShoppingBag_I","least","Kiwi_III",-0.028
"ShoppingBag_I","least","Grapefruit_I",-0.024
"Zucchini_III","most","Zucchini_II",0.957
"Zucchini_III","most","Zucchini_I",0.942
"Zucchini_III","most","Sodawater_III",0.902
"Zucchini_III","most","Lemonade_III",0.894
"Zucchini_III","most","Peppers_III",0.893
"Zucchini_III","most","Lemonade_I",0.892
"Zucchini_III","most","Sodawater_I",0.89
"Zucchini_III","most","Lemonade_II",0.887
"Zucchini_III","most","Sodawater_II",0.879
"Zucchini_III","most","Peppers_II",0.874
"Zucchini_III","least","ShoppingBag_II",0.284
"Zucchini_III","least","Pringles_I",0.315
"Zucchini_III","least","Twix_III",0.343
"Zucchini_III","least","ShoppingBag_I",0.345
"Zucchini_III","least","Twix_I",0.35
"Zucchini_III","least","ShoppingBag_III",0.35
"Zucchini_III","least","Spinach_II",0.399
"Zucchini_III","least","Pringles_II",0.419
"Zucchini_III","least","Pringles_III",0.425
"Zucchini_III","least","Twix_II",0.438
"ShoppingBag_II","most","ShoppingBag_III",0.937
"ShoppingBag_II","most","ShoppingBag_I",0.935
"ShoppingBag_II","most","Twix_III",0.922
"ShoppingBag_II","most","Twix_I",0.921
"ShoppingBag_II","most","Pringles_I",0.91
"ShoppingBag_II","most","Pringles_III",0.893
"ShoppingBag_II","most","Snacks_II",0.877
"ShoppingBag_II","most","Snacks_III",0.877
"ShoppingBag_II","most","Pringles_II",0.877
"ShoppingBag_II","most","Twix_II",0.866
"ShoppingBag_II","least","Oranges_III",-0.108
"ShoppingBag_II","least","Grapes_II",-0.068
"ShoppingBag_II","least","Oranges_II",-0.063
"ShoppingBag_II","least","Kiwi_I",-0.057
"ShoppingBag_II","least","Grapes_I",-0.049
"ShoppingBag_II","least","Grapes_III",-0.048
"ShoppingBag_II","least","Apples_II",-0.047
"ShoppingBag_II","least","Grapefruit_I",-0.039
"ShoppingBag_II","least","Lime_III",-0.032
"ShoppingBag_II","least","Kiwi_II",-0.027
"Peppers_II","most","Peppers_III",0.955
"Peppers_II","most","Peppers_I",0.941
"Peppers_II","most","Lemonade_II",0.937
"Peppers_II","most","Lemonade_I",0.899
"Peppers_II","most","Zucchini_I",0.894
"Peppers_II","most","Cauliflower_I",0.889
"Peppers_II","most","Cola_II",0.884
"Peppers_II","most","Cauliflower_II",0.882
"Peppers_II","most","Cauliflower_III",0.881
"Peppers_II","most","Tomatoes_I",0.876
"Peppers_II","least","ShoppingBag_II",0.226
"Peppers_II","least","Spinach_II",0.247
"Peppers_II","least","Pringles_I",0.263
"Peppers_II","least","Twix_I",0.289
"Peppers_II","least","ShoppingBag_I",0.292
"Peppers_II","least","Twix_III",0.297
"Peppers_II","least","Spinach_I",0.306
"Peppers_II","least","ShoppingBag_III",0.313
"Peppers_II","least","Spinach_III",0.347
"Peppers_II","least","Pringles_III",0.357
"Peppers_I","most","Peppers_III",0.961
"Peppers_I","most","Peppers_II",0.941
"Peppers_I","most","Lemonade_I",0.93
"Peppers_I","most","Cauliflower_III",0.912
"Peppers_I","most","Lemonade_II",0.911
"Peppers_I","most","Zucchini_I",0.899
"Peppers_I","most","Zucchini_II",0.899
"Peppers_I","most","Cauliflower_II",0.896
"Peppers_I","most","Lemonade_III",0.894
"Peppers_I","most","Cauliflower_I",0.89
"Peppers_I","least","ShoppingBag_II",0.256
"Peppers_I","least","Pringles_I",0.275
"Peppers_I","least","ShoppingBag_I",0.286
"Peppers_I","least","Spinach_II",0.304
"Peppers_I","least","Twix_I",0.319
"Peppers_I","least","ShoppingBag_III",0.32
"Peppers_I","least","Twix_III",0.334
"Peppers_I","least","Pringles_II",0.361
"Peppers_I","least","Spinach_I",0.37
"Peppers_I","least","Pringles_III",0.373
"Cassis_I","most","Cassis_II",0.96
"Cassis_I","most","Cassis_III",0.946
"Cassis_I","most","BitterLemon_II",0.907
"Cassis_I","most","BitterLemon_III",0.905
"Cassis_I","most","Tea_III",0.892
"Cassis_I","most","Tea_I",0.882
"Cassis_I","most","Tea_II",0.877
"Cassis_I","most","BitterLemon_I",0.861
"Cassis_I","most","Sodawater_II",0.829
"Cassis_I","most","Spinach_III",0.823
"Cassis_I","least","Pringles_I",0.321
"Cassis_I","least","Grapes_III",0.328
"Cassis_I","least","ShoppingBag_I",0.332
"Cassis_I","least","Grapes_II",0.354
"Cassis_I","least","Twix_I",0.359
"Cassis_I","least","Grapes_I",0.369
"Cassis_I","least","Twix_III",0.381
"Cassis_I","least","ShoppingBag_II",0.391
"Cassis_I","least","Oranges_II",0.397
"Cassis_I","least","Grapefruit_I",0.398
"Cassis_III","most","Cassis_I",0.946
"Cassis_III","most","Cassis_II",0.945
"Cassis_III","most","BitterLemon_II",0.925
"Cassis_III","most","BitterLemon_III",0.903
"Cassis_III","most","Tea_III",0.895
"Cassis_III","most","BitterLemon_I",0.892
"Cassis_III","most","Tea_I",0.885
"Cassis_III","most","Tea_II",0.874
"Cassis_III","most","Sodawater_II",0.847
"Cassis_III","most","Sodawater_I",0.833
"Cassis_III","least","Pringles_I",0.354
"Cassis_III","least","Grapes_III",0.359
"Cassis_III","least","ShoppingBag_I",0.36
"Cassis_III","least","Twix_I",0.375
"Cassis_III","least","Oranges_II",0.381
"Cassis_III","least","Oranges_III",0.394
"Cassis_III","least","Twix_III",0.397
"Cassis_III","least","Grapes_II",0.399
"Cassis_III","least","ShoppingBag_II",0.4
"Cassis_III","least","Pringles_II",0.41
"Cassis_II","most","Cassis_I",0.96
"Cassis_II","most","Cassis_III",0.945
"Cassis_II","most","BitterLemon_II",0.911
"Cassis_II","most","Tea_I",0.91
"Cassis_II","most","BitterLemon_III",0.903
"Cassis_II","most","Tea_III",0.892
"Cassis_II","most","Tea_II",0.875
"Cassis_II","most","BitterLemon_I",0.874
"Cassis_II","most","CaramelBars_II",0.837
"Cassis_II","most","Sodawater_II",0.835
"Cassis_II","least","ShoppingBag_I",0.357
"Cassis_II","least","Grapes_III",0.374
"Cassis_II","least","Grapes_II",0.376
"Cassis_II","least","Pringles_I",0.385
"Cassis_II","least","Grapes_I",0.388
"Cassis_II","least","Twix_I",0.398
"Cassis_II","least","Twix_III",0.409
"Cassis_II","least","ShoppingBag_II",0.414
"Cassis_II","least","Oranges_II",0.418
"Cassis_II","least","Twix_II",0.423
"Peppers_III","most","Peppers_I",0.961
"Peppers_III","most","Peppers_II",0.955
"Peppers_III","most","Lemonade_II",0.928
"Peppers_III","most","Lemonade_I",0.922
"Peppers_III","most","Zucchini_II",0.914
"Peppers_III","most","Lemonade_III",0.907
"Peppers_III","most","Tomatoes_I",0.904
"Peppers_III","most","Cauliflower_III",0.903
"Peppers_III","most","Cola_II",0.901
"Peppers_III","most","Cauliflower_II",0.897
"Peppers_III","least","ShoppingBag_II",0.253
"Peppers_III","least","Pringles_I",0.261
"Peppers_III","least","ShoppingBag_I",0.281
"Peppers_III","least","Spinach_II",0.299
"Peppers_III","least","ShoppingBag_III",0.304
"Peppers_III","least","Twix_I",0.307
"Peppers_III","least","Twix_III",0.32
"Peppers_III","least","Spinach_I",0.339
"Peppers_III","least","Pringles_II",0.364
"Peppers_III","least","Spinach_III",0.37
"Cola_III","most","Cola_II",0.958
"Cola_III","most","Cola_I",0.955
"Cola_III","most","Tomatoes_III",0.933
"Cola_III","most","Tomatoes_I",0.933
"Cola_III","most","Coffee_III",0.931
"Cola_III","most","Tomatoes_II",0.92
"Cola_III","most","Coffee_II",0.911
"Cola_III","most","Coffee_I",0.903
"Cola_III","most","Lemonade_III",0.9
"Cola_III","most","Lemonade_I",0.893
"Cola_III","least","Onion_I",0.155
"Cola_III","least","Onion_II",0.161
"Cola_III","least","Onion_III",0.185
"Cola_III","least","Spinach_I",0.203
"Cola_III","least","Spinach_II",0.224
"Cola_III","least","Spinach_III",0.264
"Cola_III","least","Pringles_I",0.298
"Cola_III","least","Eggplant_II",0.301
"Cola_III","least","ShoppingBag_I",0.333
"Cola_III","least","Eggplant_III",0.338
"Cola_I","most","Cola_III",0.955
"Cola_I","most","Cola_II",0.922
"Cola_I","most","Tomatoes_I",0.918
"Cola_I","most","Coffee_II",0.916
"Cola_I","most","Tomatoes_III",0.913
"Cola_I","most","Coffee_I",0.901
"Cola_I","most","Lemonade_III",0.892
"Cola_I","most","Tomatoes_II",0.891
"Cola_I","most","Lemonade_I",0.888
"Cola_I","most","Coffee_III",0.886
"Cola_I","least","Onion_I",0.144
"Cola_I","least","Onion_II",0.147
"Cola_I","least","Onion_III",0.174
"Cola_I","least","Spinach_II",0.181
"Cola_I","least","Spinach_I",0.187
"Cola_I","least","Spinach_III",0.223
"Cola_I","least","Pringles_I",0.284
"Cola_I","least","Eggplant_II",0.288
"Cola_I","least","ShoppingBag_I",0.299
"Cola_I","least","ShoppingBag_II",0.312
"Cola_II","most","Cola_III",0.958
"Cola_II","most","Tomatoes_I",0.942
"Cola_II","most","Cola_I",0.922
"Cola_II","most","Tomatoes_III",0.921
"Cola_II","most","Tomatoes_II",0.918
"Cola_II","most","Coffee_III",0.916
"Cola_II","most","Lemonade_I",0.909
"Cola_II","most","Lemonade_III",0.902
"Cola_II","most","Peppers_III",0.901
"Cola_II","most","Lemonade_II",0.897
"Cola_II","least","Onion_II",0.166
"Cola_II","least","Onion_I",0.167
"Cola_II","least","Onion_III",0.176
"Cola_II","least","Spinach_II",0.18
"Cola_II","least","Spinach_I",0.188
"Cola_II","least","Spinach_III",0.236
"Cola_II","least","Eggplant_II",0.313
"Cola_II","least","Pringles_I",0.334
"Cola_II","least","ShoppingBag_II",0.343
"Cola_II","least","ShoppingBag_III",0.347
"Lime_II","most","Lime_I",0.959
"Lime_II","most","Lime_III",0.953
"Lime_II","most","Bananas_I",0.951
"Lime_II","most","Bananas_II",0.951
"Lime_II","most","Apples_III",0.938
"Lime_II","most","Bananas_III",0.923
"Lime_II","most","Strawberries_III",0.921
"Lime_II","most","Grapefruit_II",0.909
"Lime_II","most","Apples_I",0.905
"Lime_II","most","Mangoes_III",0.902
"Lime_II","least","ShoppingBag_II",-0.003
"Lime_II","least","ShoppingBag_I",0.028
"Lime_II","least","ShoppingBag_III",0.049
"Lime_II","least","Pringles_I",0.069
"Lime_II","least","Twix_I",0.123
"Lime_II","least","Twix_III",0.125
"Lime_II","least","Pringles_II",0.187
"Lime_II","least","Snacks_II",0.202
"Lime_II","least","Snacks_III",0.204
"Lime_II","least","Spinach_II",0.205
"Lime_III","most","Lime_II",0.953
"Lime_III","most","Lime_I",0.934
"Lime_III","most","Bananas_II",0.926
"Lime_III","most","Apples_III",0.922
"Lime_III","most","Bananas_I",0.911
"Lime_III","most","Bananas_III",0.899
"Lime_III","most","Apples_I",0.899
"Lime_III","most","Mangoes_I",0.897
"Lime_III","most","Grapefruit_II",0.889
"Lime_III","most","Pineapples_II",0.886
"Lime_III","least","ShoppingBag_II",-0.032
"Lime_III","least","ShoppingBag_I",-0.011
"Lime_III","least","Pringles_I",0.032
"Lime_III","least","ShoppingBag_III",0.047
"Lime_III","least","Twix_III",0.092
"Lime_III","least","Twix_I",0.093
"Lime_III","least","Pringles_II",0.157
"Lime_III","least","Snacks_II",0.164
"Lime_III","least","Pringles_III",0.167
"Lime_III","least","Twix_II",0.176
"Lime_I","most","Lime_II",0.959
"Lime_I","most","Apples_III",0.938
"Lime_I","most","Strawberries_I",0.934
"Lime_I","most","Lime_III",0.934
"Lime_I","most","Bananas_II",0.929
"Lime_I","most","Bananas_I",0.925
"Lime_I","most","Apples_I",0.922
"Lime_I","most","Bananas_III",0.917
"Lime_I","most","Mangoes_III",0.917
"Lime_I","most","Apples_II",0.907
"Lime_I","least","ShoppingBag_II",0.045
"Lime_I","least","ShoppingBag_I",0.057
"Lime_I","least","ShoppingBag_III",0.082
"Lime_I","least","Pringles_I",0.113
"Lime_I","least","Twix_I",0.154
"Lime_I","least","Twix_III",0.174
"Lime_I","least","Spinach_II",0.223
"Lime_I","least","Pringles_II",0.225
"Lime_I","least","Snacks_II",0.241
"Lime_I","least","Pringles_III",0.26
"Apples_III","most","Bananas_II",0.953
"Apples_III","most","Apples_II",0.952
"Apples_III","most","Apples_I",0.943
"Apples_III","most","Bananas_I",0.942
"Apples_III","most","Lime_I",0.938
"Apples_III","most","Lime_II",0.938
"Apples_III","most","Bananas_III",0.925
"Apples_III","most","Lime_III",0.922
"Apples_III","most","Strawberries_III",0.915
"Apples_III","most","Strawberries_II",0.911
"Apples_III","least","ShoppingBag_II",0.047
"Apples_III","least","ShoppingBag_I",0.058
"Apples_III","least","ShoppingBag_III",0.069
"Apples_III","least","Pringles_I",0.085
"Apples_III","least","Twix_III",0.138
"Apples_III","least","Twix_I",0.144
"Apples_III","least","Pringles_II",0.193
"Apples_III","least","Pringles_III",0.225
"Apples_III","least","Snacks_II",0.24
"Apples_III","least","Snacks_III",0.244
"Apples_II","most","Apples_III",0.952
"Apples_II","most","Apples_I",0.918
"Apples_II","most","Bananas_II",0.918
"Apples_II","most","Lime_I",0.907
"Apples_II","most","Bananas_I",0.905
"Apples_II","most","Bananas_III",0.9
"Apples_II","most","Lime_II",0.891
"Apples_II","most","Grapefruit_II",0.876
"Apples_II","most","Mangoes_III",0.875
"Apples_II","most","Grapefruit_I",0.87
"Apples_II","least","ShoppingBag_III",-0.056
"Apples_II","least","ShoppingBag_II",-0.047
"Apples_II","least","ShoppingBag_I",-0.04
"Apples_II","least","Pringles_I",-0.022
"Apples_II","least","Twix_III",0.023
"Apples_II","least","Twix_I",0.025
"Apples_II","least","Pringles_II",0.075
"Apples_II","least","Pringles_III",0.105
"Apples_II","least","Snacks_III",0.116
"Apples_II","least","Snacks_II",0.124
"Apples_I","most","Apples_III",0.943
"Apples_I","most","Lime_I",0.922
"Apples_I","most","Bananas_II",0.921
"Apples_I","most","Apples_II",0.918
"Apples_I","most","Lime_II",0.905
"Apples_I","most","Lime_III",0.899
"Apples_I","most","Bananas_I",0.895
"Apples_I","most","Bananas_III",0.891
"Apples_I","most","Mangoes_II",0.888
"Apples_I","most","Strawberries_III",0.882
"Apples_I","least","ShoppingBag_I",0.034
"Apples_I","least","ShoppingBag_II",0.037
"Apples_I","least","Pringles_I",0.079
"Apples_I","least","ShoppingBag_III",0.081
"Apples_I","least","Twix_I",0.119
"Apples_I","least","Twix_III",0.134
"Apples_I","least","Pringles_II",0.19
"Apples_I","least","Twix_II",0.2
"Apples_I","least","Pringles_III",0.215
"Apples_I","least","Snacks_III",0.228
"Pineapples_III","most","Pineapples_I",0.964
"Pineapples_III","most","Pineapples_II",0.946
"Pineapples_III","most","Kiwi_II",0.908
"Pineapples_III","most","Kiwi_III",0.908
"Pineapples_III","most","Oranges_I",0.907
"Pineapples_III","most","Strawberries_II",0.896
"Pineapples_III","most","Watermelons_I",0.892
"Pineapples_III","most","Strawberries_III",0.889
"Pineapples_III","most","Kiwi_I",0.884
"Pineapples_III","most","Lime_II",0.88
"Pineapples_III","least","ShoppingBag_I",0.097
"Pineapples_III","least","ShoppingBag_II",0.109
"Pineapples_III","least","Pringles_I",0.152
"Pineapples_III","least","ShoppingBag_III",0.16
"Pineapples_III","least","Twix_I",0.213
"Pineapples_III","least","Twix_III",0.217
"Pineapples_III","least","Spinach_II",0.246
"Pineapples_III","least","Pringles_II",0.275
"Pineapples_III","least","Pringles_III",0.277
"Pineapples_III","least","Snacks_II",0.293
"Pineapples_I","most","Pineapples_III",0.964
"Pineapples_I","most","Pineapples_II",0.954
"Pineapples_I","most","Kiwi_II",0.923
"Pineapples_I","most","Kiwi_III",0.912
"Pineapples_I","most","Oranges_I",0.908
"Pineapples_I","most","Lime_I",0.896
"Pineapples_I","most","Kiwi_I",0.89
"Pineapples_I","most","Watermelons_III",0.889
"Pineapples_I","most","Watermelons_II",0.877
"Pineapples_I","most","Watermelons_I",0.876
"Pineapples_I","least","ShoppingBag_I",0.048
"Pineapples_I","least","ShoppingBag_II",0.087
"Pineapples_I","least","ShoppingBag_III",0.13
"Pineapples_I","least","Pringles_I",0.138
"Pineapples_I","least","Twix_III",0.169
"Pineapples_I","least","Twix_I",0.174
"Pineapples_I","least","Spinach_II",0.224
"Pineapples_I","least","Twix_II",0.242
"Pineapples_I","least","Pringles_II",0.245
"Pineapples_I","least","Snacks_II",0.255
"Mangoes_II","most","Mangoes_I",0.97
"Mangoes_II","most","Mangoes_III",0.943
"Mangoes_II","most","Grapefruit_III",0.932
"Mangoes_II","most","Grapefruit_II",0.915
"Mangoes_II","most","Bananas_II",0.912
"Mangoes_II","most","Bananas_I",0.907
"Mangoes_II","most","Lime_I",0.905
"Mangoes_II","most","Grapefruit_I",0.903
"Mangoes_II","most","Lime_II",0.898
"Mangoes_II","most","Strawberries_III",0.891
"Mangoes_II","least","ShoppingBag_I",0.096
"Mangoes_II","least","ShoppingBag_II",0.099
"Mangoes_II","least","Pringles_I",0.145
"Mangoes_II","least","Twix_I",0.147
"Mangoes_II","least","ShoppingBag_III",0.148
"Mangoes_II","least","Twix_III",0.17
"Mangoes_II","least","Spinach_II",0.215
"Mangoes_II","least","Pringles_II",0.233
"Mangoes_II","least","Twix_II",0.24
"Mangoes_II","least","Spinach_I",0.272
"Mangoes_I","most","Mangoes_II",0.97
"Mangoes_I","most","Mangoes_III",0.953
"Mangoes_I","most","Grapefruit_III",0.937
"Mangoes_I","most","Grapefruit_II",0.93
"Mangoes_I","most","Grapefruit_I",0.913
"Mangoes_I","most","Bananas_II",0.909
"Mangoes_I","most","Bananas_I",0.907
"Mangoes_I","most","Lime_III",0.897
"Mangoes_I","most","Grapes_I",0.895
"Mangoes_I","most","Apples_III",0.893
"Mangoes_I","least","ShoppingBag_I",0.07
"Mangoes_I","least","ShoppingBag_II",0.1
"Mangoes_I","least","Pringles_I",0.123
"Mangoes_I","least","Twix_I",0.144
"Mangoes_I","least","ShoppingBag_III",0.154
"Mangoes_I","least","Twix_III",0.172
"Mangoes_I","least","Twix_II",0.215
"Mangoes_I","least","Pringles_II",0.215
"Mangoes_I","least","Spinach_II",0.231
"Mangoes_I","least","Snacks_II",0.241
"Mangoes_III","most","Mangoes_I",0.953
"Mangoes_III","most","Grapefruit_II",0.952
"Mangoes_III","most","Grapefruit_III",0.947
"Mangoes_III","most","Mangoes_II",0.943
"Mangoes_III","most","Lime_I",0.917
"Mangoes_III","most","Grapefruit_I",0.914
"Mangoes_III","most","Bananas_II",0.911
"Mangoes_III","most","Bananas_I",0.904
"Mangoes_III","most","Apples_III",0.903
"Mangoes_III","most","Lime_II",0.902
"Mangoes_III","least","ShoppingBag_I",0.056
"Mangoes_III","least","ShoppingBag_II",0.09
"Mangoes_III","least","Pringles_I",0.116
"Mangoes_III","least","ShoppingBag_III",0.121
"Mangoes_III","least","Twix_I",0.138
"Mangoes_III","least","Twix_III",0.159
"Mangoes_III","least","Pringles_II",0.203
"Mangoes_III","least","Twix_II",0.222
"Mangoes_III","least","Snacks_II",0.248
"Mangoes_III","least","Pringles_III",0.258
"Pineapples_II","most","Pineapples_I",0.954
"Pineapples_II","most","Pineapples_III",0.946
"Pineapples_II","most","Kiwi_II",0.932
"Pineapples_II","most","Kiwi_III",0.93
"Pineapples_II","most","Oranges_I",0.91
"Pineapples_II","most","Kiwi_I",0.905
"Pineapples_II","most","Bananas_II",0.9
"Pineapples_II","most","Watermelons_III",0.9
"Pineapples_II","most","Lime_II",0.899
"Pineapples_II","most","Watermelons_I",0.896
"Pineapples_II","least","ShoppingBag_I",0.081
"Pineapples_II","least","ShoppingBag_II",0.11
"Pineapples_II","least","ShoppingBag_III",0.137
"Pineapples_II","least","Pringles_I",0.139
"Pineapples_II","least","Twix_I",0.19
"Pineapples_II","least","Twix_III",0.192
"Pineapples_II","least","Pringles_II",0.246
"Pineapples_II","least","Twix_II",0.265
"Pineapples_II","least","Pringles_III",0.269
"Pineapples_II","least","Snacks_II",0.277
"Bananas_I","most","Bananas_II",0.977
"Bananas_I","most","Lime_II",0.951
"Bananas_I","most","Bananas_III",0.945
"Bananas_I","most","Apples_III",0.942
"Bananas_I","most","Lime_I",0.925
"Bananas_I","most","Lime_III",0.911
"Bananas_I","most","Mangoes_I",0.907
"Bananas_I","most","Mangoes_II",0.907
"Bananas_I","most","Apples_II",0.905
"Bananas_I","most","Mangoes_III",0.904
"Bananas_I","least","ShoppingBag_II",-0.004
"Bananas_I","least","ShoppingBag_I",0.022
"Bananas_I","least","ShoppingBag_III",0.044
"Bananas_I","least","Pringles_I",0.05
"Bananas_I","least","Twix_I",0.097
"Bananas_I","least","Twix_III",0.098
"Bananas_I","least","Pringles_II",0.146
"Bananas_I","least","Snacks_III",0.184
"Bananas_I","least","Snacks_II",0.193
"Bananas_I","least","Pringles_III",0.201
"Bananas_II","most","Bananas_I",0.977
"Bananas_II","most","Bananas_III",0.96
"Bananas_II","most","Apples_III",0.953
"Bananas_II","most","Lime_II",0.951
"Bananas_II","most","Lime_I",0.929
"Bananas_II","most","Lime_III",0.926
"Bananas_II","most","Apples_I",0.921
"Bananas_II","most","Apples_II",0.918
"Bananas_II","most","Mangoes_II",0.912
"Bananas_II","most","Mangoes_III",0.911
"Bananas_II","least","ShoppingBag_II",0.034
"Bananas_II","least","ShoppingBag_I",0.035
"Bananas_II","least","ShoppingBag_III",0.07
"Bananas_II","least","Pringles_I",0.074
"Bananas_II","least","Twix_I",0.121
"Bananas_II","least","Twix_III",0.121
"Bananas_II","least","Pringles_II",0.167
"Bananas_II","least","Twix_II",0.215
"Bananas_II","least","Snacks_III",0.216
"Bananas_II","least","Pringles_III",0.216
"Lemonade_III","most","Lemonade_I",0.959
"Lemonade_III","most","Lemonade_II",0.933
"Lemonade_III","most","Sodawater_I",0.921
"Lemonade_III","most","Peppers_III",0.907
"Lemonade_III","most","Cola_II",0.902
"Lemonade_III","most","Sodawater_II",0.901
"Lemonade_III","most","Cola_III",0.9
"Lemonade_III","most","Sodawater_III",0.9
"Lemonade_III","most","Zucchini_II",0.899
"Lemonade_III","most","Tomatoes_I",0.896
"Lemonade_III","least","Spinach_II",0.311
"Lemonade_III","least","Onion_I",0.32
"Lemonade_III","least","Onion_III",0.354
"Lemonade_III","least","Spinach_I",0.356
"Lemonade_III","least","Spinach_III",0.357
"Lemonade_III","least","Onion_II",0.36
"Lemonade_III","least","ShoppingBag_II",0.378
"Lemonade_III","least","Pringles_I",0.384
"Lemonade_III","least","ShoppingBag_I",0.395
"Lemonade_III","least","ShoppingBag_III",0.407
"Pringles_III","most","Pringles_II",0.968
"Pringles_III","most","Pringles_I",0.96
"Pringles_III","most","Twix_I",0.958
"Pringles_III","most","Twix_III",0.955
"Pringles_III","most","Snacks_II",0.95
"Pringles_III","most","Snacks_III",0.947
"Pringles_III","most","Twix_II",0.945
"Pringles_III","most","ShoppingBag_III",0.921
"Pringles_III","most","Snacks_I",0.915
"Pringles_III","most","ShoppingBag_I",0.905
"Pringles_III","least","Grapes_II",0.08
"Pringles_III","least","Grapefruit_I",0.095
"Pringles_III","least","Oranges_II",0.095
"Pringles_III","least","Spinach_II",0.096
"Pringles_III","least","Grapes_III",0.1
"Pringles_III","least","Grapes_I",0.101
"Pringles_III","least","Oranges_III",0.103
"Pringles_III","least","Apples_II",0.105
"Pringles_III","least","Kiwi_I",0.111
"Pringles_III","least","Onion_II",0.141
"Pringles_I","most","Twix_I",0.965
"Pringles_I","most","Pringles_III",0.96
"Pringles_I","most","Pringles_II",0.959
"Pringles_I","most","Snacks_III",0.942
"Pringles_I","most","Twix_III",0.939
"Pringles_I","most","Snacks_II",0.938
"Pringles_I","most","ShoppingBag_I",0.928
"Pringles_I","most","Twix_II",0.918
"Pringles_I","most","ShoppingBag_III",0.917
"Pringles_I","most","ShoppingBag_II",0.91
"Pringles_I","least","Grapes_II",-0.056
"Pringles_I","least","Grapefruit_I",-0.03
"Pringles_I","least","Grapes_I",-0.028
"Pringles_I","least","Apples_II",-0.022
"Pringles_I","least","Oranges_II",-0.006
"Pringles_I","least","Grapes_III",-0.002
"Pringles_I","least","Oranges_III",0.002
"Pringles_I","least","Kiwi_II",0.004
"Pringles_I","least","Kiwi_I",0.01
"Pringles_I","least","Grapefruit_II",0.031
"Bananas_III","most","Bananas_II",0.96
"Bananas_III","most","Bananas_I",0.945
"Bananas_III","most","Apples_III",0.925
"Bananas_III","most","Lime_II",0.923
"Bananas_III","most","Lime_I",0.917
"Bananas_III","most","Apples_II",0.9
"Bananas_III","most","Lime_III",0.899
"Bananas_III","most","Apples_I",0.891
"Bananas_III","most","Pineapples_II",0.89
"Bananas_III","most","Mangoes_III",0.888
"Bananas_III","least","ShoppingBag_I",-0.012
"Bananas_III","least","ShoppingBag_II",0.013
"Bananas_III","least","ShoppingBag_III",0.017
"Bananas_III","least","Pringles_I",0.033
"Bananas_III","least","Twix_I",0.067
"Bananas_III","least","Twix_III",0.072
"Bananas_III","least","Pringles_II",0.134
"Bananas_III","least","Twix_II",0.16
"Bananas_III","least","Pringles_III",0.182
"Bananas_III","least","Snacks_III",0.193
"Lemonade_II","most","Lemonade_I",0.948
"Lemonade_II","most","Peppers_II",0.937
"Lemonade_II","most","Lemonade_III",0.933
"Lemonade_II","most","Peppers_III",0.928
"Lemonade_II","most","Peppers_I",0.911
"Lemonade_II","most","Sodawater_III",0.908
"Lemonade_II","most","Zucchini_II",0.904
"Lemonade_II","most","Zucchini_I",0.897
"Lemonade_II","most","Cola_II",0.897
"Lemonade_II","most","Tomatoes_I",0.894
"Lemonade_II","least","Spinach_II",0.309
"Lemonade_II","least","Onion_I",0.33
"Lemonade_II","least","Spinach_I",0.333
"Lemonade_II","least","Spinach_III",0.357
"Lemonade_II","least","ShoppingBag_II",0.36
"Lemonade_II","least","Pringles_I",0.366
"Lemonade_II","least","Onion_II",0.377
"Lemonade_II","least","Onion_III",0.398
"Lemonade_II","least","Twix_III",0.409
"Lemonade_II","least","ShoppingBag_I",0.409
"Twix_III","most","Twix_I",0.975
"Twix_III","most","Pringles_III",0.955
"Twix_III","most","Pringles_II",0.944
"Twix_III","most","Twix_II",0.94
"Twix_III","most","Pringles_I",0.939
"Twix_III","most","Snacks_III",0.933
"Twix_III","most","ShoppingBag_I",0.923
"Twix_III","most","ShoppingBag_II",0.922
"Twix_III","most","Snacks_II",0.922
"Twix_III","most","ShoppingBag_III",0.916
"Twix_III","least","Grapes_II",0.005
"Twix_III","least","Apples_II",0.023
"Twix_III","least","Kiwi_I",0.026
"Twix_III","least","Grapefruit_I",0.027
"Twix_III","least","Grapes_I",0.03
"Twix_III","least","Grapes_III",0.033
"Twix_III","least","Oranges_III",0.034
"Twix_III","least","Oranges_II",0.051
"Twix_III","least","Kiwi_II",0.065
"Twix_III","least","Bananas_III",0.072
"Twix_II","most","Twix_I",0.958
"Twix_II","most","Pringles_II",0.948
"Twix_II","most","Pringles_III",0.945
"Twix_II","most","Twix_III",0.94
"Twix_II","most","Snacks_II",0.929
"Twix_II","most","ShoppingBag_I",0.924
"Twix_II","most","Snacks_III",0.922
"Twix_II","most","Pringles_I",0.918
"Twix_II","most","Snacks_I",0.882
"Twix_II","most","ShoppingBag_III",0.88
"Twix_II","least","Grapes_II",0.066
"Twix_II","least","Grapes_III",0.084
"Twix_II","least","Grapes_I",0.088
"Twix_II","least","Spinach_II",0.104
"Twix_II","least","Grapefruit_I",0.113
"Twix_II","least","Onion_III",0.116
"Twix_II","least","Oranges_III",0.122
"Twix_II","least","Apples_II",0.125
"Twix_II","least","Kiwi_I",0.135
"Twix_II","least","Oranges_II",0.136
"Twix_I","most","Twix_III",0.975
"Twix_I","most","Pringles_I",0.965
"Twix_I","most","Pringles_III",0.958
"Twix_I","most","Twix_II",0.958
"Twix_I","most","Pringles_II",0.955
"Twix_I","most","ShoppingBag_I",0.946
"Twix_I","most","Snacks_III",0.939
"Twix_I","most","Snacks_II",0.934
"Twix_I","most","ShoppingBag_III",0.931
"Twix_I","most","ShoppingBag_II",0.921
"Twix_I","least","Grapes_II",-0.024
"Twix_I","least","Grapefruit_I",0.012
"Twix_I","least","Grapes_I",0.015
"Twix_I","least","Grapes_III",0.02
"Twix_I","least","Apples_II",0.025
"Twix_I","least","Oranges_III",0.037
"Twix_I","least","Kiwi_I",0.048
"Twix_I","least","Oranges_II",0.057
"Twix_I","least","Grapefruit_III",0.059
"Twix_I","least","Kiwi_II",0.066
"Lemonade_I","most","Lemonade_III",0.959
"Lemonade_I","most","Lemonade_II",0.948
"Lemonade_I","most","Peppers_I",0.93
"Lemonade_I","most","Peppers_III",0.922
"Lemonade_I","most","Zucchini_II",0.917
"Lemonade_I","most","Cola_II",0.909
"Lemonade_I","most","Sodawater_II",0.901
"Lemonade_I","most","Peppers_II",0.899
"Lemonade_I","most","Sodawater_I",0.898
"Lemonade_I","most","Tomatoes_I",0.897
"Lemonade_I","least","Spinach_II",0.286
"Lemonade_I","least","Onion_I",0.348
"Lemonade_I","least","Onion_II",0.355
"Lemonade_I","least","Spinach_III",0.357
"Lemonade_I","least","Spinach_I",0.366
"Lemonade_I","least","Onion_III",0.37
"Lemonade_I","least","Pringles_I",0.378
"Lemonade_I","least","ShoppingBag_II",0.381
"Lemonade_I","least","ShoppingBag_I",0.394
"Lemonade_I","least","ShoppingBag_III",0.413
"Pringles_II","most","Pringles_III",0.968
"Pringles_II","most","Pringles_I",0.959
"Pringles_II","most","Twix_I",0.955
"Pringles_II","most","Snacks_III",0.953
"Pringles_II","most","Twix_II",0.948
"Pringles_II","most","Twix_III",0.944
"Pringles_II","most","Snacks_II",0.941
"Pringles_II","most","ShoppingBag_III",0.915
"Pringles_II","most","ShoppingBag_I",0.909
"Pringles_II","most","Snacks_I",0.893
"Pringles_II","least","Grapes_II",0.028
"Pringles_II","least","Grapes_I",0.047
"Pringles_II","least","Spinach_II",0.06
"Pringles_II","least","Grapefruit_I",0.062
"Pringles_II","least","Apples_II",0.075
"Pringles_II","least","Grapes_III",0.079
"Pringles_II","least","Oranges_II",0.09
"Pringles_II","least","Onion_III",0.098
"Pringles_II","least","Kiwi_I",0.11
"Pringles_II","least","Oranges_III",0.12
"Cauliflower_III","most","Cauliflower_I",0.967
"Cauliflower_III","most","Cauliflower_II",0.949
"Cauliflower_III","most","Watermelons_I",0.945
"Cauliflower_III","most","Watermelons_III",0.934
"Cauliflower_III","most","Strawberries_II",0.926
"Cauliflower_III","most","Watermelons_II",0.926
"Cauliflower_III","most","Strawberries_III",0.918
"Cauliflower_III","most","Strawberries_I",0.913
"Cauliflower_III","most","Peppers_I",0.912
"Cauliflower_III","most","Peppers_III",0.903
"Cauliflower_III","least","ShoppingBag_I",0.211
"Cauliflower_III","least","ShoppingBag_II",0.219
"Cauliflower_III","least","Pringles_I",0.258
"Cauliflower_III","least","ShoppingBag_III",0.306
"Cauliflower_III","least","Twix_I",0.319
"Cauliflower_III","least","Twix_III",0.332
"Cauliflower_III","least","Spinach_II",0.354
"Cauliflower_III","least","Pringles_II",0.379
"Cauliflower_III","least","Snacks_II",0.384
"Cauliflower_III","least","Pringles_III",0.397
"Cauliflower_I","most","Cauliflower_III",0.967
"Cauliflower_I","most","Cauliflower_II",0.945
"Cauliflower_I","most","Watermelons_I",0.942
"Cauliflower_I","most","Strawberries_II",0.933
"Cauliflower_I","most","Watermelons_III",0.932
"Cauliflower_I","most","Strawberries_III",0.924
"Cauliflower_I","most","Watermelons_II",0.917
"Cauliflower_I","most","Peppers_I",0.89
"Cauliflower_I","most","Peppers_II",0.889
"Cauliflower_I","most","Peppers_III",0.888
"Cauliflower_I","least","ShoppingBag_I",0.213
"Cauliflower_I","least","ShoppingBag_II",0.229
"Cauliflower_I","least","Pringles_I",0.258
"Cauliflower_I","least","Twix_I",0.303
"Cauliflower_I","least","ShoppingBag_III",0.306
"Cauliflower_I","least","Twix_III",0.313
"Cauliflower_I","least","Spinach_II",0.352
"Cauliflower_I","least","Pringles_II",0.365
"Cauliflower_I","least","Twix_II",0.375
"Cauliflower_I","least","Snacks_II",0.376
"Cauliflower_II","most","Cauliflower_III",0.949
"Cauliflower_II","most","Cauliflower_I",0.945
"Cauliflower_II","most","Watermelons_I",0.941
"Cauliflower_II","most","Watermelons_III",0.93
"Cauliflower_II","most","Strawberries_I",0.925
"Cauliflower_II","most","Watermelons_II",0.914
"Cauliflower_II","most","Strawberries_II",0.908
"Cauliflower_II","most","Strawberries_III",0.898
"Cauliflower_II","most","Peppers_III",0.897
"Cauliflower_II","most","Peppers_I",0.896
"Cauliflower_II","least","ShoppingBag_I",0.225
"Cauliflower_II","least","ShoppingBag_II",0.233
"Cauliflower_II","least","ShoppingBag_III",0.256
"Cauliflower_II","least","Pringles_I",0.265
"Cauliflower_II","least","Twix_I",0.295
"Cauliflower_II","least","Twix_III",0.321
"Cauliflower_II","least","Spinach_II",0.345
"Cauliflower_II","least","Pringles_II",0.353
"Cauliflower_II","least","Twix_II",0.369
"Cauliflower_II","least","Pringles_III",0.377
"Popcorn_II","most","PotatoChips_I",0.962
"Popcorn_II","most","Popcorn_I",0.956
"Popcorn_II","most","PotatoChips_II",0.951
"Popcorn_II","most","PotatoChips_III",0.937
"Popcorn_II","most","Popcorn_III",0.93
"Popcorn_II","most","Crackers_II",0.908
"Popcorn_II","most","Snickers_III",0.904
"Popcorn_II","most","ChewingGum_II",0.903
"Popcorn_II","most","GummyBears_III",0.899
"Popcorn_II","most","GummyBears_II",0.896
"Popcorn_II","least","Grapes_II",0.207
"Popcorn_II","least","Oranges_II",0.216
"Popcorn_II","least","Grapes_III",0.242
"Popcorn_II","least","Grapes_I",0.262
"Popcorn_II","least","Oranges_III",0.271
"Popcorn_II","least","Spinach_II",0.295
"Popcorn_II","least","Kiwi_III",0.307
"Popcorn_II","least","Grapefruit_I",0.309
"Popcorn_II","least","Kiwi_I",0.316
"Popcorn_II","least","Grapefruit_III",0.316
"Popcorn_I","most","Popcorn_III",0.963
"Popcorn_I","most","Popcorn_II",0.956
"Popcorn_I","most","PotatoChips_III",0.95
"Popcorn_I","most","PotatoChips_II",0.937
"Popcorn_I","most","PotatoChips_I",0.933
"Popcorn_I","most","Snickers_III",0.909
"Popcorn_I","most","Crackers_III",0.895
"Popcorn_I","most","Crackers_II",0.895
"Popcorn_I","most","GummyBears_III",0.883
"Popcorn_I","most","GummyBears_II",0.878
"Popcorn_I","least","Grapes_II",0.195
"Popcorn_I","least","Oranges_II",0.221
"Popcorn_I","least","Grapes_III",0.228
"Popcorn_I","least","Grapes_I",0.252
"Popcorn_I","least","Grapefruit_I",0.269
"Popcorn_I","least","Oranges_III",0.269
"Popcorn_I","least","Kiwi_III",0.272
"Popcorn_I","least","Spinach_II",0.272
"Popcorn_I","least","Kiwi_I",0.281
"Popcorn_I","least","Onion_II",0.283
"Popcorn_III","most","Popcorn_I",0.963
"Popcorn_III","most","PotatoChips_III",0.952
"Popcorn_III","most","PotatoChips_II",0.938
"Popcorn_III","most","Popcorn_II",0.93
"Popcorn_III","most","PotatoChips_I",0.928
"Popcorn_III","most","Snickers_III",0.896
"Popcorn_III","most","Crackers_III",0.892
"Popcorn_III","most","Snickers_II",0.885
"Popcorn_III","most","GummyBears_II",0.881
"Popcorn_III","most","GummyBears_III",0.879
"Popcorn_III","least","Grapes_II",0.197
"Popcorn_III","least","Grapes_III",0.209
"Popcorn_III","least","Grapes_I",0.24
"Popcorn_III","least","Oranges_II",0.246
"Popcorn_III","least","Grapefruit_I",0.252
"Popcorn_III","least","Oranges_III",0.27
"Popcorn_III","least","Kiwi_I",0.273
"Popcorn_III","least","Spinach_II",0.291
"Popcorn_III","least","Onion_II",0.292
"Popcorn_III","least","Apples_II",0.298
"Watermelons_III","most","Watermelons_II",0.964
"Watermelons_III","most","Watermelons_I",0.94
"Watermelons_III","most","Cauliflower_III",0.934
"Watermelons_III","most","Cauliflower_I",0.932
"Watermelons_III","most","Cauliflower_II",0.93
"Watermelons_III","most","Strawberries_I",0.911
"Watermelons_III","most","Strawberries_II",0.908
"Watermelons_III","most","Pineapples_II",0.9
"Watermelons_III","most","Strawberries_III",0.891
"Watermelons_III","most","Peppers_I",0.89
"Watermelons_III","least","ShoppingBag_I",0.17
"Watermelons_III","least","ShoppingBag_II",0.195
"Watermelons_III","least","Pringles_I",0.215
"Watermelons_III","least","ShoppingBag_III",0.247
"Watermelons_III","least","Twix_I",0.261
"Watermelons_III","least","Twix_III",0.274
"Watermelons_III","least","Spinach_II",0.32
"Watermelons_III","least","Pringles_II",0.322
"Watermelons_III","least","Twix_II",0.337
"Watermelons_III","least","Pringles_III",0.34
"Watermelons_I","most","Watermelons_II",0.948
"Watermelons_I","most","Strawberries_III",0.946
"Watermelons_I","most","Strawberries_II",0.946
"Watermelons_I","most","Cauliflower_III",0.945
"Watermelons_I","most","Cauliflower_I",0.942
"Watermelons_I","most","Cauliflower_II",0.941
"Watermelons_I","most","Watermelons_III",0.94
"Watermelons_I","most","Strawberries_I",0.924
"Watermelons_I","most","Pineapples_II",0.896
"Watermelons_I","most","Pineapples_III",0.892
"Watermelons_I","least","ShoppingBag_I",0.176
"Watermelons_I","least","ShoppingBag_II",0.183
"Watermelons_I","least","Pringles_I",0.199
"Watermelons_I","least","ShoppingBag_III",0.241
"Watermelons_I","least","Twix_I",0.262
"Watermelons_I","least","Twix_III",0.275
"Watermelons_I","least","Pringles_II",0.297
"Watermelons_I","least","Twix_II",0.338
"Watermelons_I","least","Snacks_III",0.341
"Watermelons_I","least","Snacks_II",0.342
"Watermelons_II","most","Watermelons_III",0.964
"Watermelons_II","most","Watermelons_I",0.948
"Watermelons_II","most","Strawberries_II",0.937
"Watermelons_II","most","Strawberries_III",0.927
"Watermelons_II","most","Cauliflower_III",0.926
"Watermelons_II","most","Cauliflower_I",0.917
"Watermelons_II","most","Cauliflower_II",0.914
"Watermelons_II","most","Strawberries_I",0.908
"Watermelons_II","most","Pineapples_II",0.894
"Watermelons_II","most","Lime_II",0.882
"Watermelons_II","least","ShoppingBag_II",0.159
"Watermelons_II","least","ShoppingBag_I",0.164
"Watermelons_II","least","Pringles_I",0.201
"Watermelons_II","least","ShoppingBag_III",0.221
"Watermelons_II","least","Twix_III",0.239
"Watermelons_II","least","Twix_I",0.249
"Watermelons_II","least","Pringles_II",0.31
"Watermelons_II","least","Pringles_III",0.338
"Watermelons_II","least","Twix_II",0.338
"Watermelons_II","least","Spinach_II",0.342
"Sodawater_III","most","Sodawater_I",0.955
"Sodawater_III","most","Sodawater_II",0.927
"Sodawater_III","most","Tea_II",0.917
"Sodawater_III","most","Tea_III",0.915
"Sodawater_III","most","Lemonade_II",0.908
"Sodawater_III","most","Zucchini_III",0.902
"Sodawater_III","most","Lemonade_III",0.9
"Sodawater_III","most","Lemonade_I",0.891
"Sodawater_III","most","Zucchini_II",0.889
"Sodawater_III","most","Zucchini_I",0.878
"Sodawater_III","least","Pringles_I",0.43
"Sodawater_III","least","ShoppingBag_II",0.435
"Sodawater_III","least","ShoppingBag_III",0.444
"Sodawater_III","least","Grapes_II",0.45
"Sodawater_III","least","Onion_I",0.453
"Sodawater_III","least","Twix_I",0.466
"Sodawater_III","least","Onion_II",0.466
"Sodawater_III","least","Spinach_II",0.474
"Sodawater_III","least","Twix_III",0.474
"Sodawater_III","least","Grapes_III",0.475
"Sodawater_I","most","Sodawater_II",0.962
"Sodawater_I","most","Sodawater_III",0.955
"Sodawater_I","most","Lemonade_III",0.921
"Sodawater_I","most","Tea_II",0.919
"Sodawater_I","most","Tea_III",0.913
"Sodawater_I","most","Lemonade_I",0.898
"Sodawater_I","most","Tea_I",0.891
"Sodawater_I","most","Zucchini_III",0.89
"Sodawater_I","most","Zucchini_II",0.883
"Sodawater_I","most","Lemonade_II",0.877
"Sodawater_I","least","Onion_I",0.404
"Sodawater_I","least","Pringles_I",0.415
"Sodawater_I","least","Grapes_III",0.417
"Sodawater_I","least","Grapes_II",0.424
"Sodawater_I","least","Onion_III",0.432
"Sodawater_I","least","ShoppingBag_III",0.438
"Sodawater_I","least","Twix_I",0.442
"Sodawater_I","least","ShoppingBag_II",0.442
"Sodawater_I","least","Onion_II",0.443
"Sodawater_I","least","Spinach_II",0.456
"Sodawater_II","most","Sodawater_I",0.962
"Sodawater_II","most","Tea_III",0.935
"Sodawater_II","most","Tea_II",0.933
"Sodawater_II","most","Sodawater_III",0.927
"Sodawater_II","most","Tea_I",0.912
"Sodawater_II","most","Lemonade_I",0.901
"Sodawater_II","most","Lemonade_III",0.901
"Sodawater_II","most","Zucchini_II",0.889
"Sodawater_II","most","Zucchini_I",0.884
"Sodawater_II","most","Zucchini_III",0.879
"Sodawater_II","least","Pringles_I",0.439
"Sodawater_II","least","Grapes_II",0.441
"Sodawater_II","least","Grapes_III",0.443
"Sodawater_II","least","Twix_I",0.472
"Sodawater_II","least","Onion_I",0.473
"Sodawater_II","least","ShoppingBag_II",0.474
"Sodawater_II","least","ShoppingBag_III",0.479
"Sodawater_II","least","ShoppingBag_I",0.481
"Sodawater_II","least","Spinach_II",0.481
"Sodawater_II","least","Onion_II",0.483
"Strawberries_I","most","Strawberries_II",0.934
"Strawberries_I","most","Lime_I",0.934
"Strawberries_I","most","Strawberries_III",0.931
"Strawberries_I","most","Cauliflower_II",0.925
"Strawberries_I","most","Watermelons_I",0.924
"Strawberries_I","most","Cauliflower_III",0.913
"Strawberries_I","most","Watermelons_III",0.911
"Strawberries_I","most","Watermelons_II",0.908
"Strawberries_I","most","Lime_II",0.898
"Strawberries_I","most","Apples_III",0.887
"Strawberries_I","least","ShoppingBag_II",0.176
"Strawberries_I","least","ShoppingBag_I",0.178
"Strawberries_I","least","ShoppingBag_III",0.206
"Strawberries_I","least","Pringles_I",0.228
"Strawberries_I","least","Twix_I",0.265
"Strawberries_I","least","Spinach_II",0.289
"Strawberries_I","least","Twix_III",0.302
"Strawberries_I","least","Pringles_II",0.331
"Strawberries_I","least","Spinach_I",0.366
"Strawberries_I","least","Snacks_II",0.367
"Strawberries_III","most","Strawberries_II",0.984
"Strawberries_III","most","Watermelons_I",0.946
"Strawberries_III","most","Strawberries_I",0.931
"Strawberries_III","most","Watermelons_II",0.927
"Strawberries_III","most","Cauliflower_I",0.924
"Strawberries_III","most","Lime_II",0.921
"Strawberries_III","most","Cauliflower_III",0.918
"Strawberries_III","most","Apples_III",0.915
"Strawberries_III","most","Bananas_II",0.903
"Strawberries_III","most","Bananas_I",0.901
"Strawberries_III","least","ShoppingBag_II",0.164
"Strawberries_III","least","ShoppingBag_I",0.179
"Strawberries_III","least","Pringles_I",0.206
"Strawberries_III","least","ShoppingBag_III",0.236
"Strawberries_III","least","Twix_I",0.262
"Strawberries_III","least","Twix_III",0.269
"Strawberries_III","least","Pringles_II",0.308
"Strawberries_III","least","Spinach_II",0.323
"Strawberries_III","least","Snacks_III",0.344
"Strawberries_III","least","Snacks_II",0.349
"PotatoChips_III","most","PotatoChips_I",0.962
"PotatoChips_III","most","PotatoChips_II",0.959
"PotatoChips_III","most","Popcorn_III",0.952
"PotatoChips_III","most","Popcorn_I",0.95
"PotatoChips_III","most","Popcorn_II",0.937
"PotatoChips_III","most","Snickers_III",0.917
"PotatoChips_III","most","Sweets_III",0.888
"PotatoChips_III","most","Snickers_II",0.883
"PotatoChips_III","most","Sweets_II",0.879
"PotatoChips_III","most","Snickers_I",0.87
"PotatoChips_III","least","Oranges_II",0.234
"PotatoChips_III","least","Grapes_II",0.245
"PotatoChips_III","least","Oranges_III",0.251
"PotatoChips_III","least","Grapes_III",0.252
"PotatoChips_III","least","Grapes_I",0.275
"PotatoChips_III","least","Kiwi_III",0.289
"PotatoChips_III","least","Kiwi_I",0.291
"PotatoChips_III","least","Oranges_I",0.299
"PotatoChips_III","least","Grapefruit_I",0.299
"PotatoChips_III","least","Lime_III",0.309
"Strawberries_II","most","Strawberries_III",0.984
"Strawberries_II","most","Watermelons_I",0.946
"Strawberries_II","most","Watermelons_II",0.937
"Strawberries_II","most","Strawberries_I",0.934
"Strawberries_II","most","Cauliflower_I",0.933
"Strawberries_II","most","Cauliflower_III",0.926
"Strawberries_II","most","Apples_III",0.911
"Strawberries_II","most","Cauliflower_II",0.908
"Strawberries_II","most","Watermelons_III",0.908
"Strawberries_II","most","Bananas_I",0.902
"Strawberries_II","least","ShoppingBag_II",0.18
"Strawberries_II","least","ShoppingBag_I",0.184
"Strawberries_II","least","Pringles_I",0.223
"Strawberries_II","least","ShoppingBag_III",0.25
"Strawberries_II","least","Twix_I",0.269
"Strawberries_II","least","Twix_III",0.275
"Strawberries_II","least","Pringles_II",0.322
"Strawberries_II","least","Spinach_II",0.334
"Strawberries_II","least","Snacks_III",0.365
"Strawberries_II","least","Pringles_III",0.375
"PotatoChips_I","most","PotatoChips_II",0.97
"PotatoChips_I","most","PotatoChips_III",0.962
"PotatoChips_I","most","Popcorn_II",0.962
"PotatoChips_I","most","Popcorn_I",0.933
"PotatoChips_I","most","Popcorn_III",0.928
"PotatoChips_I","most","Snickers_II",0.92
"PotatoChips_I","most","Snickers_I",0.913
"PotatoChips_I","most","Snickers_III",0.909
"PotatoChips_I","most","GummyBears_III",0.896
"PotatoChips_I","most","Crackers_II",0.896
"PotatoChips_I","least","Grapes_II",0.26
"PotatoChips_I","least","Oranges_II",0.278
"PotatoChips_I","least","Grapes_III",0.286
"PotatoChips_I","least","Grapes_I",0.301
"PotatoChips_I","least","Oranges_III",0.301
"PotatoChips_I","least","Spinach_II",0.356
"PotatoChips_I","least","Onion_II",0.36
"PotatoChips_I","least","Lime_III",0.361
"PotatoChips_I","least","Onion_I",0.362
"PotatoChips_I","least","Grapefruit_I",0.362
"PotatoChips_II","most","PotatoChips_I",0.97
"PotatoChips_II","most","PotatoChips_III",0.959
"PotatoChips_II","most","Popcorn_II",0.951
"PotatoChips_II","most","Snickers_III",0.939
"PotatoChips_II","most","Popcorn_III",0.938
"PotatoChips_II","most","Popcorn_I",0.937
"PotatoChips_II","most","Snickers_II",0.921
"PotatoChips_II","most","Snickers_I",0.916
"PotatoChips_II","most","Sweets_II",0.903
"PotatoChips_II","most","Sweets_III",0.899
"PotatoChips_II","least","Grapes_II",0.234
"PotatoChips_II","least","Grapes_III",0.258
"PotatoChips_II","least","Grapes_I",0.283
"PotatoChips_II","least","Oranges_II",0.289
"PotatoChips_II","least","Oranges_III",0.298
"PotatoChips_II","least","Grapefruit_I",0.323
"PotatoChips_II","least","Grapefruit_III",0.334
"PotatoChips_II","least","Lime_III",0.337
"PotatoChips_II","least","Kiwi_I",0.342
"PotatoChips_II","least","Kiwi_III",0.342
"MixedNuts_I","most","GummyBears_III",0.945
"MixedNuts_I","most","MixedNuts_III",0.942
"MixedNuts_I","most","GummyBears_I",0.94
"MixedNuts_I","most","ChocolateBar_II",0.939
"MixedNuts_I","most","Crackers_II",0.939
"MixedNuts_I","most","GummyBears_II",0.933
"MixedNuts_I","most","Crackers_III",0.928
"MixedNuts_I","most","ChocolateBar_I",0.926
"MixedNuts_I","most","ChewingGum_III",0.921
"MixedNuts_I","most","ChewingGum_I",0.915
"MixedNuts_I","least","Grapes_II",0.218
"MixedNuts_I","least","Oranges_II",0.241
"MixedNuts_I","least","Grapes_I",0.247
"MixedNuts_I","least","Oranges_III",0.255
"MixedNuts_I","least","Grapes_III",0.257
"MixedNuts_I","least","Grapefruit_I",0.285
"MixedNuts_I","least","Apples_II",0.307
"MixedNuts_I","least","Spinach_II",0.312
"MixedNuts_I","least","Onion_II",0.316
"MixedNuts_I","least","Kiwi_III",0.322
"Tea_II","most","Tea_I",0.965
"Tea_II","most","Tea_III",0.963
"Tea_II","most","Sodawater_II",0.933
"Tea_II","most","Sodawater_I",0.919
"Tea_II","most","Sodawater_III",0.917
"Tea_II","most","CaramelBars_II",0.902
"Tea_II","most","BitterLemon_III",0.901
"Tea_II","most","BitterLemon_II",0.897
"Tea_II","most","CaramelBars_III",0.891
"Tea_II","most","CaramelBars_I",0.881
"Tea_II","least","Grapes_III",0.439
"Tea_II","least","Grapes_II",0.45
"Tea_II","least","Pringles_I",0.478
"Tea_II","least","Grapes_I",0.485
"Tea_II","least","ShoppingBag_I",0.491
"Tea_II","least","Oranges_II",0.495
"Tea_II","least","ShoppingBag_III",0.505
"Tea_II","least","Twix_I",0.507
"Tea_II","least","ShoppingBag_II",0.512
"Tea_II","least","Oranges_III",0.521
"Tea_I","most","Tea_II",0.965
"Tea_I","most","Tea_III",0.953
"Tea_I","most","CaramelBars_II",0.927
"Tea_I","most","Sodawater_II",0.912
"Tea_I","most","BitterLemon_II",0.912
"Tea_I","most","Cassis_II",0.91
"Tea_I","most","CaramelBars_III",0.899
"Tea_I","most","CaramelBars_I",0.896
"Tea_I","most","Sodawater_I",0.891
"Tea_I","most","BitterLemon_III",0.889
"Tea_I","least","Grapes_III",0.439
"Tea_I","least","Grapes_II",0.444
"Tea_I","least","Pringles_I",0.471
"Tea_I","least","Oranges_II",0.473
"Tea_I","least","ShoppingBag_I",0.477
"Tea_I","least","Grapes_I",0.48
"Tea_I","least","Twix_I",0.496
"Tea_I","least","Oranges_III",0.503
"Tea_I","least","Twix_III",0.511
"Tea_I","least","ShoppingBag_II",0.511
"MixedNuts_II","most","MixedNuts_I",0.914
"MixedNuts_II","most","ChocolateBar_II",0.904
"MixedNuts_II","most","GummyBears_I",0.904
"MixedNuts_II","most","MixedNuts_III",0.901
"MixedNuts_II","most","ChewingGum_III",0.9
"MixedNuts_II","most","GummyBears_III",0.895
"MixedNuts_II","most","Crackers_II",0.882
"MixedNuts_II","most","ChocolateBar_I",0.874
"MixedNuts_II","most","GummyBears_II",0.872
"MixedNuts_II","most","Snacks_I",0.865
"MixedNuts_II","least","Grapes_II",0.184
"MixedNuts_II","least","Grapes_III",0.213
"MixedNuts_II","least","Oranges_II",0.225
"MixedNuts_II","least","Grapes_I",0.245
"MixedNuts_II","least","Oranges_III",0.253
"MixedNuts_II","least","Onion_II",0.26
"MixedNuts_II","least","Onion_I",0.264
"MixedNuts_II","least","Kiwi_I",0.271
"MixedNuts_II","least","Kiwi_II",0.273
"MixedNuts_II","least","Lime_III",0.279
"Tea_III","most","Tea_II",0.963
"Tea_III","most","Tea_I",0.953
"Tea_III","most","Sodawater_II",0.935
"Tea_III","most","CaramelBars_II",0.932
"Tea_III","most","BitterLemon_II",0.924
"Tea_III","most","BitterLemon_III",0.923
"Tea_III","most","CaramelBars_III",0.922
"Tea_III","most","Sodawater_III",0.915
"Tea_III","most","Sodawater_I",0.913
"Tea_III","most","BitterLemon_I",0.906
"Tea_III","least","Oranges_II",0.473
"Tea_III","least","Grapes_III",0.485
"Tea_III","least","Grapes_II",0.486
"Tea_III","least","Pringles_I",0.498
"Tea_III","least","ShoppingBag_II",0.503
"Tea_III","least","ShoppingBag_I",0.511
"Tea_III","least","Oranges_III",0.518
"Tea_III","least","Grapes_I",0.526
"Tea_III","least","ShoppingBag_III",0.529
"Tea_III","least","Twix_I",0.53
"MixedNuts_III","most","GummyBears_III",0.957
"MixedNuts_III","most","GummyBears_II",0.944
"MixedNuts_III","most","MixedNuts_I",0.942
"MixedNuts_III","most","ChocolateBar_I",0.936
"MixedNuts_III","most","Crackers_II",0.935
"MixedNuts_III","most","ChocolateBar_II",0.932
"MixedNuts_III","most","GummyBears_I",0.924
"MixedNuts_III","most","Crackers_III",0.918
"MixedNuts_III","most","Crackers_I",0.912
"MixedNuts_III","most","ChewingGum_II",0.906
"MixedNuts_III","least","Grapes_II",0.215
"MixedNuts_III","least","Oranges_II",0.231
"MixedNuts_III","least","Grapes_III",0.242
"MixedNuts_III","least","Grapes_I",0.258
"MixedNuts_III","least","Spinach_II",0.268
"MixedNuts_III","least","Oranges_III",0.281
"MixedNuts_III","least","Onion_II",0.289
"MixedNuts_III","least","Kiwi_I",0.293
"MixedNuts_III","least","Grapefruit_I",0.299
"MixedNuts_III","least","Apples_II",0.312
"GummyBears_II","most","ChocolateBar_I",0.96
"GummyBears_II","most","GummyBears_III",0.956
"GummyBears_II","most","Crackers_I",0.945
"GummyBears_II","most","MixedNuts_III",0.944
"GummyBears_II","most","Crackers_II",0.942
"GummyBears_II","most","Crackers_III",0.939
"GummyBears_II","most","MixedNuts_I",0.933
"GummyBears_II","most","GummyBears_I",0.927
"GummyBears_II","most","ChewingGum_II",0.923
"GummyBears_II","most","ChocolateBar_II",0.916
"GummyBears_II","least","Oranges_II",0.238
"GummyBears_II","least","Grapes_II",0.249
"GummyBears_II","least","Grapes_III",0.254
"GummyBears_II","least","Oranges_III",0.255
"GummyBears_II","least","Spinach_II",0.274
"GummyBears_II","least","Kiwi_I",0.299
"GummyBears_II","least","Grapes_I",0.305
"GummyBears_II","least","Onion_II",0.313
"GummyBears_II","least","Apples_II",0.327
"GummyBears_II","least","Grapefruit_I",0.333
"GummyBears_III","most","Crackers_II",0.964
"GummyBears_III","most","MixedNuts_III",0.957
"GummyBears_III","most","GummyBears_II",0.956
"GummyBears_III","most","ChocolateBar_II",0.954
"GummyBears_III","most","ChocolateBar_I",0.946
"GummyBears_III","most","MixedNuts_I",0.945
"GummyBears_III","most","Crackers_I",0.943
"GummyBears_III","most","Crackers_III",0.94
"GummyBears_III","most","GummyBears_I",0.938
"GummyBears_III","most","ChewingGum_II",0.931
"GummyBears_III","least","Grapes_II",0.229
"GummyBears_III","least","Oranges_II",0.251
"GummyBears_III","least","Grapes_III",0.266
"GummyBears_III","least","Grapes_I",0.273
"GummyBears_III","least","Oranges_III",0.279
"GummyBears_III","least","Onion_II",0.295
"GummyBears_III","least","Spinach_II",0.304
"GummyBears_III","least","Kiwi_I",0.33
"GummyBears_III","least","Onion_I",0.343
"GummyBears_III","least","Grapefruit_I",0.348
"GummyBears_I","most","ChocolateBar_II",0.941
"GummyBears_I","most","MixedNuts_I",0.94
"GummyBears_I","most","Crackers_II",0.94
"GummyBears_I","most","ChewingGum_III",0.939
"GummyBears_I","most","GummyBears_III",0.938
"GummyBears_I","most","ChocolateBar_I",0.937
"GummyBears_I","most","ChewingGum_I",0.931
"GummyBears_I","most","ChewingGum_II",0.928
"GummyBears_I","most","ChocolateBar_III",0.928
"GummyBears_I","most","GummyBears_II",0.927
"GummyBears_I","least","Grapes_II",0.277
"GummyBears_I","least","Oranges_II",0.306
"GummyBears_I","least","Grapes_III",0.317
"GummyBears_I","least","Oranges_III",0.324
"GummyBears_I","least","Grapes_I",0.327
"GummyBears_I","least","Spinach_II",0.336
"GummyBears_I","least","Grapefruit_I",0.357
"GummyBears_I","least","Onion_II",0.368
"GummyBears_I","least","Grapefruit_III",0.373
"GummyBears_I","least","Apples_II",0.381
"Crackers_I","most","Crackers_II",0.95
"Crackers_I","most","Crackers_III",0.949
"Crackers_I","most","GummyBears_II",0.945
"Crackers_I","most","GummyBears_III",0.943
"Crackers_I","most","ChewingGum_II",0.935
"Crackers_I","most","ChocolateBar_I",0.929
"Crackers_I","most","MixedNuts_III",0.912
"Crackers_I","most","ChocolateBar_II",0.911
"Crackers_I","most","MixedNuts_I",0.905
"Crackers_I","most","ChocolateBar_III",0.904
"Crackers_I","least","Grapes_II",0.232
"Crackers_I","least","Grapes_III",0.268
"Crackers_I","least","Oranges_II",0.29
"Crackers_I","least","Grapes_I",0.303
"Crackers_I","least","Oranges_III",0.332
"Crackers_I","least","Spinach_II",0.337
"Crackers_I","least","Onion_II",0.348
"Crackers_I","least","Grapefruit_I",0.364
"Crackers_I","least","Onion_I",0.381
"Crackers_I","least","Kiwi_I",0.395
"Crackers_II","most","Crackers_III",0.968
"Crackers_II","most","GummyBears_III",0.964
"Crackers_II","most","Crackers_I",0.95
"Crackers_II","most","ChocolateBar_I",0.949
"Crackers_II","most","ChocolateBar_II",0.949
"Crackers_II","most","ChewingGum_I",0.942
"Crackers_II","most","GummyBears_II",0.942
"Crackers_II","most","GummyBears_I",0.94
"Crackers_II","most","MixedNuts_I",0.939
"Crackers_II","most","ChewingGum_III",0.939
"Crackers_II","least","Grapes_II",0.24
"Crackers_II","least","Oranges_II",0.259
"Crackers_II","least","Grapes_I",0.278
"Crackers_II","least","Grapes_III",0.279
"Crackers_II","least","Oranges_III",0.286
"Crackers_II","least","Grapefruit_III",0.338
"Crackers_II","least","Grapefruit_I",0.34
"Crackers_II","least","Kiwi_I",0.34
"Crackers_II","least","Spinach_II",0.341
"Crackers_II","least","Kiwi_III",0.35
"Crackers_III","most","Crackers_II",0.968
"Crackers_III","most","ChocolateBar_I",0.954
"Crackers_III","most","ChocolateBar_II",0.953
"Crackers_III","most","ChewingGum_I",0.95
"Crackers_III","most","Crackers_I",0.949
"Crackers_III","most","GummyBears_III",0.94
"Crackers_III","most","GummyBears_II",0.939
"Crackers_III","most","ChewingGum_II",0.931
"Crackers_III","most","MixedNuts_I",0.928
"Crackers_III","most","ChocolateBar_III",0.924
"Crackers_III","least","Grapes_II",0.271
"Crackers_III","least","Grapes_III",0.293
"Crackers_III","least","Oranges_II",0.305
"Crackers_III","least","Grapes_I",0.305
"Crackers_III","least","Oranges_III",0.319
"Crackers_III","least","Grapefruit_I",0.344
"Crackers_III","least","Spinach_II",0.363
"Crackers_III","least","Onion_II",0.372
"Crackers_III","least","Grapefruit_III",0.376
"Crackers_III","least","Kiwi_III",0.378
"ChocolateBar_I","most","GummyBears_II",0.96
"ChocolateBar_I","most","Crackers_III",0.954
"ChocolateBar_I","most","ChocolateBar_II",0.952
"ChocolateBar_I","most","Crackers_II",0.949
"ChocolateBar_I","most","GummyBears_III",0.946
"ChocolateBar_I","most","ChewingGum_II",0.943
"ChocolateBar_I","most","GummyBears_I",0.937
"ChocolateBar_I","most","MixedNuts_III",0.936
"ChocolateBar_I","most","Crackers_I",0.929
"ChocolateBar_I","most","MixedNuts_I",0.926
"ChocolateBar_I","least","Grapes_III",0.313
"ChocolateBar_I","least","Oranges_II",0.317
"ChocolateBar_I","least","Grapes_II",0.322
"ChocolateBar_I","least","Oranges_III",0.34
"ChocolateBar_I","least","Grapes_I",0.359
"ChocolateBar_I","least","Spinach_II",0.366
"ChocolateBar_I","least","Onion_II",0.369
"ChocolateBar_I","least","Kiwi_I",0.398
"ChocolateBar_I","least","Grapefruit_I",0.404
"ChocolateBar_I","least","Onion_III",0.405
"ChocolateBar_II","most","GummyBears_III",0.954
"ChocolateBar_II","most","Crackers_III",0.953
"ChocolateBar_II","most","ChocolateBar_I",0.952
"ChocolateBar_II","most","Crackers_II",0.949
"ChocolateBar_II","most","ChewingGum_I",0.942
"ChocolateBar_II","most","GummyBears_I",0.941
"ChocolateBar_II","most","ChocolateBar_III",0.94
"ChocolateBar_II","most","MixedNuts_I",0.939
"ChocolateBar_II","most","CaramelBars_II",0.938
"ChocolateBar_II","most","ChewingGum_III",0.936
"ChocolateBar_II","least","Grapes_II",0.323
"ChocolateBar_II","least","Oranges_II",0.332
"ChocolateBar_II","least","Grapes_III",0.348
"ChocolateBar_II","least","Grapes_I",0.35
"ChocolateBar_II","least","Oranges_III",0.353
"ChocolateBar_II","least","Onion_II",0.364
"ChocolateBar_II","least","Spinach_II",0.384
"ChocolateBar_II","least","Onion_I",0.395
"ChocolateBar_II","least","Kiwi_I",0.412
"ChocolateBar_II","least","Grapefruit_I",0.415
"ChewingGum_I","most","ChewingGum_III",0.953
"ChewingGum_I","most","Crackers_III",0.95
"ChewingGum_I","most","ChewingGum_II",0.942
"ChewingGum_I","most","Crackers_II",0.942
"ChewingGum_I","most","ChocolateBar_II",0.942
"ChewingGum_I","most","CaramelBars_II",0.939
"ChewingGum_I","most","GummyBears_I",0.931
"ChewingGum_I","most","CaramelBars_III",0.927
"ChewingGum_I","most","GummyBears_III",0.919
"ChewingGum_I","most","CaramelBars_I",0.918
"ChewingGum_I","least","Grapes_II",0.339
"ChewingGum_I","least","Oranges_II",0.346
"ChewingGum_I","least","Grapes_I",0.365
"ChewingGum_I","least","Oranges_III",0.37
"ChewingGum_I","least","Grapes_III",0.384
"ChewingGum_I","least","Spinach_II",0.413
"ChewingGum_I","least","Kiwi_III",0.424
"ChewingGum_I","least","Kiwi_II",0.427
"ChewingGum_I","least","Onion_I",0.43
"ChewingGum_I","least","Kiwi_I",0.433
"ChocolateBar_III","most","ChocolateBar_II",0.94
"ChocolateBar_III","most","GummyBears_I",0.928
"ChocolateBar_III","most","Crackers_III",0.924
"ChocolateBar_III","most","ChocolateBar_I",0.92
"ChocolateBar_III","most","Crackers_II",0.917
"ChocolateBar_III","most","ChewingGum_I",0.915
"ChocolateBar_III","most","GummyBears_III",0.906
"ChocolateBar_III","most","Crackers_I",0.904
"ChocolateBar_III","most","GummyBears_II",0.902
"ChocolateBar_III","most","MixedNuts_I",0.894
"ChocolateBar_III","least","Grapes_II",0.295
"ChocolateBar_III","least","Oranges_II",0.324
"ChocolateBar_III","least","Oranges_III",0.324
"ChocolateBar_III","least","Grapes_III",0.335
"ChocolateBar_III","least","Grapes_I",0.339
"ChocolateBar_III","least","Onion_II",0.379
"ChocolateBar_III","least","Kiwi_II",0.391
"ChocolateBar_III","least","Spinach_II",0.394
"ChocolateBar_III","least","Onion_I",0.394
"ChocolateBar_III","least","Grapefruit_I",0.409
"ChewingGum_III","most","ChewingGum_I",0.953
"ChewingGum_III","most","ChewingGum_II",0.94
"ChewingGum_III","most","GummyBears_I",0.939
"ChewingGum_III","most","Crackers_II",0.939
"ChewingGum_III","most","ChocolateBar_II",0.936
"ChewingGum_III","most","CaramelBars_III",0.935
"ChewingGum_III","most","CaramelBars_I",0.935
"ChewingGum_III","most","Sweets_I",0.928
"ChewingGum_III","most","CaramelBars_II",0.925
"ChewingGum_III","most","MixedNuts_I",0.921
"ChewingGum_III","least","Oranges_II",0.351
"ChewingGum_III","least","Grapes_II",0.353
"ChewingGum_III","least","Spinach_II",0.366
"ChewingGum_III","least","Grapes_III",0.391
"ChewingGum_III","least","Grapes_I",0.396
"ChewingGum_III","least","Onion_I",0.397
"ChewingGum_III","least","Oranges_III",0.402
"ChewingGum_III","least","Onion_II",0.415
"ChewingGum_III","least","Spinach_III",0.43
"ChewingGum_III","least","Onion_III",0.435
"ChewingGum_II","most","ChocolateBar_I",0.943
"ChewingGum_II","most","ChewingGum_I",0.942
"ChewingGum_II","most","ChewingGum_III",0.94
"ChewingGum_II","most","Crackers_I",0.935
"ChewingGum_II","most","ChocolateBar_II",0.935
"ChewingGum_II","most","CaramelBars_II",0.933
"ChewingGum_II","most","Crackers_III",0.931
"ChewingGum_II","most","GummyBears_III",0.931
"ChewingGum_II","most","Crackers_II",0.93
"ChewingGum_II","most","GummyBears_I",0.928
"ChewingGum_II","least","Oranges_II",0.332
"ChewingGum_II","least","Grapes_II",0.338
"ChewingGum_II","least","Grapes_III",0.352
"ChewingGum_II","least","Spinach_II",0.371
"ChewingGum_II","least","Grapes_I",0.379
"ChewingGum_II","least","Oranges_III",0.383
"ChewingGum_II","least","Onion_II",0.404
"ChewingGum_II","least","Onion_I",0.416
"ChewingGum_II","least","Kiwi_I",0.433
"ChewingGum_II","least","Onion_III",0.433
"Snacks_II","most","Snacks_III",0.962
"Snacks_II","most","Pringles_III",0.95
"Snacks_II","most","Snacks_I",0.943
"Snacks_II","most","Pringles_II",0.941
"Snacks_II","most","Pringles_I",0.938
"Snacks_II","most","Twix_I",0.934
"Snacks_II","most","Twix_II",0.929
"Snacks_II","most","Twix_III",0.922
"Snacks_II","most","ShoppingBag_I",0.904
"Snacks_II","most","ShoppingBag_III",0.897
"Snacks_II","least","Grapes_II",0.039
"Snacks_II","least","Grapes_I",0.062
"Snacks_II","least","Grapes_III",0.094
"Snacks_II","least","Grapefruit_I",0.106
"Snacks_II","least","Oranges_II",0.116
"Snacks_II","least","Oranges_III",0.117
"Snacks_II","least","Apples_II",0.124
"Snacks_II","least","Kiwi_II",0.139
"Snacks_II","least","Kiwi_I",0.153
"Snacks_II","least","Spinach_II",0.155
"Snacks_I","most","Snacks_II",0.943
"Snacks_I","most","Pringles_III",0.915
"Snacks_I","most","Twix_III",0.898
"Snacks_I","most","Snacks_III",0.897
"Snacks_I","most","Pringles_II",0.893
"Snacks_I","most","Twix_I",0.883
"Snacks_I","most","Twix_II",0.882
"Snacks_I","most","Pringles_I",0.878
"Snacks_I","most","MixedNuts_II",0.865
"Snacks_I","most","ShoppingBag_I",0.857
"Snacks_I","least","Grapes_II",0.098
"Snacks_I","least","Oranges_II",0.144
"Snacks_I","least","Grapes_I",0.149
"Snacks_I","least","Grapes_III",0.157
"Snacks_I","least","Spinach_II",0.174
"Snacks_I","least","Kiwi_I",0.19
"Snacks_I","least","Grapefruit_I",0.19
"Snacks_I","least","Onion_II",0.193
"Snacks_I","least","Spinach_I",0.193
"Snacks_I","least","Oranges_III",0.194
"Snacks_III","most","Snacks_II",0.962
"Snacks_III","most","Pringles_II",0.953
"Snacks_III","most","Pringles_III",0.947
"Snacks_III","most","Pringles_I",0.942
"Snacks_III","most","Twix_I",0.939
"Snacks_III","most","Twix_III",0.933
"Snacks_III","most","Twix_II",0.922
"Snacks_III","most","ShoppingBag_III",0.907
"Snacks_III","most","Snacks_I",0.897
"Snacks_III","most","ShoppingBag_I",0.895
"Snacks_III","least","Grapes_II",0.07
"Snacks_III","least","Grapes_I",0.082
"Snacks_III","least","Oranges_II",0.098
"Snacks_III","least","Apples_II",0.116
"Snacks_III","least","Oranges_III",0.116
"Snacks_III","least","Grapefruit_I",0.121
"Snacks_III","least","Kiwi_I",0.125
"Snacks_III","least","Grapes_III",0.127
"Snacks_III","least","Kiwi_II",0.137
"Snacks_III","least","Kiwi_III",0.148
"Snickers_I","most","Snickers_II",0.977
"Snickers_I","most","PotatoChips_II",0.916
"Snickers_I","most","PotatoChips_I",0.913
"Snickers_I","most","Sweets_II",0.904
"Snickers_I","most","Snickers_III",0.903
"Snickers_I","most","Sweets_III",0.902
"Snickers_I","most","CaramelBars_II",0.881
"Snickers_I","most","Sweets_I",0.881
"Snickers_I","most","CaramelBars_I",0.875
"Snickers_I","most","ChocolateBar_III",0.874
"Snickers_I","least","Grapes_II",0.318
"Snickers_I","least","Oranges_III",0.331
"Snickers_I","least","Grapes_I",0.338
"Snickers_I","least","Grapes_III",0.344
"Snickers_I","least","Grapefruit_I",0.369
"Snickers_I","least","Oranges_II",0.373
"Snickers_I","least","Kiwi_II",0.394
"Snickers_I","least","Oranges_I",0.395
"Snickers_I","least","Grapefruit_III",0.401
"Snickers_I","least","Kiwi_III",0.401
"Snickers_II","most","Snickers_I",0.977
"Snickers_II","most","Sweets_II",0.935
"Snickers_II","most","Sweets_III",0.931
"Snickers_II","most","Snickers_III",0.924
"Snickers_II","most","PotatoChips_II",0.921
"Snickers_II","most","PotatoChips_I",0.92
"Snickers_II","most","CaramelBars_II",0.915
"Snickers_II","most","Sweets_I",0.905
"Snickers_II","most","CaramelBars_III",0.898
"Snickers_II","most","CaramelBars_I",0.894
"Snickers_II","least","Grapes_II",0.355
"Snickers_II","least","Oranges_III",0.369
"Snickers_II","least","Grapes_III",0.377
"Snickers_II","least","Grapes_I",0.379
"Snickers_II","least","Oranges_II",0.397
"Snickers_II","least","Grapefruit_I",0.408
"Snickers_II","least","Oranges_I",0.441
"Snickers_II","least","Spinach_II",0.446
"Snickers_II","least","Coffee_II",0.447
"Snickers_II","least","Kiwi_II",0.448
"Snickers_III","most","Sweets_II",0.961
"Snickers_III","most","Sweets_III",0.944
"Snickers_III","most","Sweets_I",0.94
"Snickers_III","most","PotatoChips_II",0.939
"Snickers_III","most","Snickers_II",0.924
"Snickers_III","most","CaramelBars_I",0.917
"Snickers_III","most","PotatoChips_III",0.917
"Snickers_III","most","CaramelBars_II",0.915
"Snickers_III","most","CaramelBars_III",0.909
"Snickers_III","most","Popcorn_I",0.909
"Snickers_III","least","Grapes_II",0.354
"Snickers_III","least","Grapes_III",0.382
"Snickers_III","least","Oranges_II",0.4
"Snickers_III","least","Oranges_III",0.401
"Snickers_III","least","Grapes_I",0.408
"Snickers_III","least","Grapefruit_I",0.43
"Snickers_III","least","Kiwi_I",0.451
"Snickers_III","least","Lime_III",0.453
"Snickers_III","least","Onion_I",0.455
"Snickers_III","least","Spinach_II",0.457
"CaramelBars_I","most","CaramelBars_III",0.98
"CaramelBars_I","most","Sweets_I",0.962
"CaramelBars_I","most","CaramelBars_II",0.954
"CaramelBars_I","most","Sweets_III",0.94
"CaramelBars_I","most","Sweets_II",0.938
"CaramelBars_I","most","ChewingGum_III",0.935
"CaramelBars_I","most","ChewingGum_I",0.918
"CaramelBars_I","most","Snickers_III",0.917
"CaramelBars_I","most","ChocolateBar_II",0.908
"CaramelBars_I","most","Tea_III",0.905
"CaramelBars_I","least","Grapes_II",0.429
"CaramelBars_I","least","Oranges_II",0.45
"CaramelBars_I","least","Grapes_I",0.457
"CaramelBars_I","least","Oranges_III",0.462
"CaramelBars_I","least","Grapes_III",0.465
"CaramelBars_I","least","Spinach_II",0.475
"CaramelBars_I","least","Onion_I",0.497
"CaramelBars_I","least","Grapefruit_I",0.504
"CaramelBars_I","least","Kiwi_III",0.504
"CaramelBars_I","least","Kiwi_I",0.514
"CaramelBars_III","most","CaramelBars_I",0.98
"CaramelBars_III","most","CaramelBars_II",0.969
"CaramelBars_III","most","Sweets_III",0.958
"CaramelBars_III","most","Sweets_I",0.956
"CaramelBars_III","most","Sweets_II",0.938
"CaramelBars_III","most","ChewingGum_III",0.935
"CaramelBars_III","most","ChewingGum_I",0.927
"CaramelBars_III","most","Tea_III",0.922
"CaramelBars_III","most","ChocolateBar_II",0.914
"CaramelBars_III","most","Snickers_III",0.909
"CaramelBars_III","least","Grapes_II",0.417
"CaramelBars_III","least","Grapes_III",0.446
"CaramelBars_III","least","Grapes_I",0.452
"CaramelBars_III","least","Oranges_II",0.458
"CaramelBars_III","least","Spinach_II",0.487
"CaramelBars_III","least","Oranges_III",0.489
"CaramelBars_III","least","Grapefruit_I",0.496
"CaramelBars_III","least","Onion_I",0.513
"CaramelBars_III","least","Kiwi_I",0.515
"CaramelBars_III","least","Onion_III",0.515
"CaramelBars_II","most","CaramelBars_III",0.969
"CaramelBars_II","most","CaramelBars_I",0.954
"CaramelBars_II","most","Sweets_II",0.946
"CaramelBars_II","most","Sweets_III",0.944
"CaramelBars_II","most","ChewingGum_I",0.939
"CaramelBars_II","most","ChocolateBar_II",0.938
"CaramelBars_II","most","ChewingGum_II",0.933
"CaramelBars_II","most","Tea_III",0.932
"CaramelBars_II","most","Tea_I",0.927
"CaramelBars_II","most","Sweets_I",0.925
"CaramelBars_II","least","Grapes_II",0.452
"CaramelBars_II","least","Grapes_III",0.459
"CaramelBars_II","least","Oranges_II",0.459
"CaramelBars_II","least","Oranges_III",0.473
"CaramelBars_II","least","Grapes_I",0.474
"CaramelBars_II","least","Spinach_II",0.492
"CaramelBars_II","least","Kiwi_I",0.521
"CaramelBars_II","least","Grapefruit_I",0.522
"CaramelBars_II","least","Onion_II",0.532
"CaramelBars_II","least","Onion_I",0.532
"Sweets_I","most","Sweets_III",0.982
"Sweets_I","most","Sweets_II",0.965
"Sweets_I","most","CaramelBars_I",0.962
"Sweets_I","most","CaramelBars_III",0.956
"Sweets_I","most","Snickers_III",0.94
"Sweets_I","most","ChewingGum_III",0.928
"Sweets_I","most","CaramelBars_II",0.925
"Sweets_I","most","Snickers_II",0.905
"Sweets_I","most","ChewingGum_I",0.9
"Sweets_I","most","PotatoChips_II",0.893
"Sweets_I","least","Grapes_II",0.417
"Sweets_I","least","Oranges_III",0.417
"Sweets_I","least","Oranges_II",0.421
"Sweets_I","least","Spinach_II",0.446
"Sweets_I","least","Grapes_III",0.448
"Sweets_I","least","Kiwi_I",0.451
"Sweets_I","least","Grapes_I",0.453
"Sweets_I","least","Kiwi_III",0.469
"Sweets_I","least","Onion_III",0.474
"Sweets_I","least","Onion_I",0.478
"Sweets_II","most","Sweets_III",0.97
"Sweets_II","most","Sweets_I",0.965
"Sweets_II","most","Snickers_III",0.961
"Sweets_II","most","CaramelBars_II",0.946
"Sweets_II","most","CaramelBars_III",0.938
"Sweets_II","most","CaramelBars_I",0.938
"Sweets_II","most","Snickers_II",0.935
"Sweets_II","most","ChewingGum_III",0.921
"Sweets_II","most","Snickers_I",0.904
"Sweets_II","most","PotatoChips_II",0.903
"Sweets_II","least","Grapes_II",0.404
"Sweets_II","least","Grapes_III",0.413
"Sweets_II","least","Oranges_III",0.422
"Sweets_II","least","Oranges_II",0.423
"Sweets_II","least","Grapes_I",0.448
"Sweets_II","least","Grapefruit_I",0.464
"Sweets_II","least","Spinach_II",0.465
"Sweets_II","least","Kiwi_I",0.473
"Sweets_II","least","Onion_I",0.49
"Sweets_II","least","Kiwi_III",0.494
"Sweets_III","most","Sweets_I",0.982
"Sweets_III","most","Sweets_II",0.97
"Sweets_III","most","CaramelBars_III",0.958
"Sweets_III","most","CaramelBars_II",0.944
"Sweets_III","most","Snickers_III",0.944
"Sweets_III","most","CaramelBars_I",0.94
"Sweets_III","most","Snickers_II",0.931
"Sweets_III","most","ChewingGum_III",0.918
"Sweets_III","most","Snickers_I",0.902
"Sweets_III","most","PotatoChips_II",0.899
"Sweets_III","least","Grapes_II",0.419
"Sweets_III","least","Oranges_II",0.425
"Sweets_III","least","Oranges_III",0.428
"Sweets_III","least","Grapes_III",0.434
"Sweets_III","least","Kiwi_I",0.452
"Sweets_III","least","Grapes_I",0.455
"Sweets_III","least","Spinach_II",0.464
"Sweets_III","least","Oranges_I",0.473
"Sweets_III","least","Grapefruit_I",0.483
"Sweets_III","least","Kiwi_III",0.485
