Spinach	-0.152882637868729	0.36859539637149
Onion	-0.0156310138030378	0.0894906862882201
Eggplant	-0.240819929979451	-0.594001379670579
Coffee	-2.14813774911599	-0.821777432900899
Oranges	-1.28380682102601	-2.79677640595059
Grapes	-0.774397892408223	-3.9668573119088
Cucumbers	-0.819374272925952	-1.21142793445518
Tomatoes	-1.94804286261014	-1.26153374314366
Kiwi	-1.22989599028835	-3.17035537472778
Zucchini	-0.998282887594559	-0.158002152602941
Grapefruit	-0.249506881728293	-3.8915637097782
BitterLemon	-0.888110616980698	0.637757320528527
ShoppingBag	2.22085009101789	3.95625879035582
Peppers	-1.46907909316127	-0.829671786206706
Cassis	-0.392384731533035	0.800869991770101
Cola	-1.83464996691343	-0.408072057308425
Lime	-0.520898644599737	-2.97451558687375
Apples	-0.396435473894742	-3.29198994020444
Mangoes	-0.590371642839955	-3.66923380163296
Pineapples	-0.867438629962765	-2.87259326892304
Bananas	-0.317541868707887	-2.76760152993251
Lemonade	-1.42687533296501	-0.3452271624632
Twix	2.62612063332273	3.56566764265121
Pringles	2.4941231560656	4.22805234739606
Cauliflower	-1.40125557566787	-1.65392647006633
Popcorn	1.18836654757562	2.62514958013921
Watermelons	-0.854426074855165	-2.07975151200529
Sodawater	-1.43509969703744	0.480186221306762
Strawberries	-1.44017707163414	-2.30480030785738
PotatoChips	1.11108122003742	2.1962402075699
Tea	-0.325094109574437	1.35512393116032
MixedNuts	2.29845965471434	2.8010614502187
GummyBears	1.65834269723653	2.74819619714303
Crackers	2.00528501658205	2.42566591711135
ChocolateBar	2.04521613143469	1.91656069732072
ChewingGum	1.72711590762277	2.23867951418228
Snacks	2.1563982413057	3.64863012197188
Snickers	0.644564508199042	1.97683786837313
CaramelBars	0.782259368140651	1.31991647490634
Sweets	1.06243429642127	1.69073851184764
