Spinach	-0.0419780302985149	-0.694005463669505
Onion	0.0600996578419721	-0.409133124685418
Eggplant	0.551002341701205	-0.0843158235129909
Coffee	1.91661485144861	1.05713159564594
Grapes	1.04293783125237	2.3641075245083
Oranges	-0.281697514110642	2.3733304482551
Cucumbers	0.790514553414863	0.656250310343724
Tomatoes	1.77530427749051	1.21601553410139
Kiwi	-0.203552873865934	2.43246830917513
BitterLemon	1.0270476725419	-0.488291393021131
Grapefruit	0.838226848784559	3.0258561127246
Zucchini	1.27887536287454	0.0848792088532089
ShoppingBag	-2.75815479784553	-2.72837350887778
Peppers	1.54923206554167	0.658079555513238
Cassis	0.544435560952355	-0.822501146153946
Cola	2.15067906858009	0.657605480843364
Lime	0.487372482831046	2.60155070048529
Apples	0.233970923433114	2.59014876132943
Pineapples	-0.105575029039042	1.89133697328007
Mangoes	1.21793406971126	2.56928607470959
Bananas	0.676178780091931	3.01648088915101
Pringles	-2.47097503756667	-2.5266726245799
Twix	-2.52073507976091	-2.12056386983649
Lemonade	1.93543581333161	0.229493944254146
Cauliflower	0.890548558979661	1.23877177937484
Popcorn	-1.71105106177089	-1.34402128836183
Watermelons	1.25360697533576	1.81904573824885
Sodawater	1.80312908897832	-0.299558954684164
Strawberries	0.57920788213004	1.88624415286021
PotatoChips	-1.26975604323432	-1.50900130733199
MixedNuts	-1.70005740611056	-2.0378612202132
Tea	0.857317567201856	-1.2719261910799
GummyBears	-1.54020624834275	-2.49387127985143
Crackers	-1.30487181688832	-2.14781228283556
ChocolateBar	-1.75306318736813	-2.09877671130976
ChewingGum	-0.80570931367093	-2.30303445008004
Snacks	-2.91420134344556	-2.30698650271861
Snickers	-0.835088921361069	-1.7054249241122
CaramelBars	-0.417057884573878	-1.74833742203458
Sweets	-0.825940645195579	-1.22761360470698
