Spinach	-0.598780978533329	0.607415656101373
Onion	-1.01842749903377	0.295801373863895
Eggplant	-1.04476230973815	-0.0792265748775554
Coffee	0.370591304181657	-1.37844147103055
Oranges	-0.441142137077525	-3.73548485583383
Grapes	-1.55068887253852	-2.65893012200597
Cucumbers	-0.971506664551529	-0.816557842363295
Kiwi	-0.777669575370514	-3.73657546356238
Grapefruit	-1.77947201905797	-3.01015919332688
Tomatoes	-0.181499741935141	-1.70028731566031
BitterLemon	-0.203356432404414	0.384115265313251
ShoppingBag	1.45881080549325	4.17861847084767
Zucchini	-0.183220334534214	-0.404706597042688
Cassis	-0.124035808120021	0.823753934594988
Peppers	-0.237312039713397	-1.09449966088552
Cola	0.386955169254253	-0.93400250382266
Lime	-1.14943163488992	-3.28182621643551
Apples	-0.858665195698845	-3.03165299919088
Pineapples	-0.302772934130787	-3.4979842285609
Mangoes	-1.03337571697086	-2.52843083533635
Lemonade	0.391693782321062	-0.360305288471541
Pringles	1.34861744378933	3.79938701398977
Bananas	-1.40964332516958	-3.36691733685108
Twix	0.960670431090042	4.02132783999775
Cauliflower	-0.897780448254814	-1.78390345122543
Popcorn	0.590265987206381	2.85571638220859
Watermelons	-0.466972785827712	-2.31710481351976
Sodawater	0.546479345716538	0.27423171530081
Strawberries	-0.268274937837713	-2.84009835958102
PotatoChips	0.262885970474016	2.59193337688204
Tea	0.463260712593764	0.974334153180258
MixedNuts	1.3393941643066	3.01629218055715
GummyBears	0.994681516240097	2.79238082826496
Crackers	1.45222147905243	2.5038334950263
ChocolateBar	0.876360475000791	2.48202594070579
ChewingGum	1.11481260273254	1.99139372963058
Snacks	1.08773580658792	3.62076155951618
Snickers	0.326728933762154	2.11008151307078
CaramelBars	0.765505756035976	1.49441219717736
Sweets	0.761119705549912	1.73927850335461
