"term"	"term_count"	"doc_count"
"Spinach_III"	1249	1
"Spinach_II"	1278	1
"Spinach_I"	1291	1
"Onion_I"	1399	1
"Onion_III"	1433	1
"Onion_II"	1447	1
"Eggplant_I"	1977	1
"Eggplant_II"	2089	1
"Eggplant_III"	2127	1
"Coffee_II"	2340	1
"Coffee_I"	2450	1
"Coffee_III"	2455	1
"Grapes_I"	2523	1
"Grapes_III"	2576	1
"Oranges_I"	2582	1
"Oranges_III"	2587	1
"Oranges_II"	2613	1
"Grapes_II"	2628	1
"Cucumbers_III"	3505	1
"Cucumbers_I"	3523	1
"Cucumbers_II"	3549	1
"Tomatoes_I"	3674	1
"Tomatoes_II"	3678	1
"Tomatoes_III"	3719	1
"Kiwi_II"	3731	1
"BitterLemon_II"	3760	1
"Kiwi_III"	3791	1
"Grapefruit_III"	3818	1
"Grapefruit_II"	3823	1
"BitterLemon_I"	3834	1
"Zucchini_III"	3837	1
"BitterLemon_III"	3861	1
"Kiwi_I"	3866	1
"Grapefruit_I"	3867	1
"Zucchini_I"	3958	1
"Zucchini_II"	4003	1
"Cassis_II"	4062	1
"Cassis_III"	4083	1
"Peppers_III"	4169	1
"Cassis_I"	4213	1
"Peppers_II"	4252	1
"Peppers_I"	4307	1
"Cola_I"	4538	1
"Cola_III"	4598	1
"Cola_II"	4604	1
"Pringles_III"	4721	1
"Pringles_II"	4727	1
"Twix_I"	4770	1
"Pringles_I"	4776	1
"Twix_III"	4779	1
"Twix_II"	4780	1
"Lime_I"	4944	1
"Lime_II"	4945	1
"Lime_III"	4949	1
"Pineapples_I"	5447	1
"Pineapples_II"	5462	1
"Mangoes_II"	5490	1
"Pineapples_III"	5527	1
"Apples_I"	5530	1
"Mangoes_III"	5539	1
"Apples_II"	5549	1
"Mangoes_I"	5629	1
"Apples_III"	5734	1
"Popcorn_III"	5913	1
"Bananas_III"	5931	1
"Popcorn_I"	5943	1
"Bananas_I"	5965	1
"Lemonade_III"	5966	1
"Lemonade_II"	5995	1
"Lemonade_I"	5998	1
"Bananas_II"	6020	1
"Popcorn_II"	6021	1
"Cauliflower_I"	6482	1
"Cauliflower_III"	6482	1
"Cauliflower_II"	6697	1
"Watermelons_II"	7148	1
"Watermelons_I"	7237	1
"Sodawater_I"	7240	1
"Watermelons_III"	7300	1
"Sodawater_II"	7379	1
"Sodawater_III"	7413	1
"PotatoChips_III"	7901	1
"PotatoChips_I"	8053	1
"PotatoChips_II"	8121	1
"Strawberries_III"	8959	1
"Strawberries_II"	9062	1
"Strawberries_I"	9196	1
"Tea_II"	10048	1
"MixedNuts_II"	10076	1
"MixedNuts_I"	10101	1
"Tea_I"	10123	1
"MixedNuts_III"	10155	1
"Tea_III"	10256	1
"GummyBears_I"	10298	1
"GummyBears_III"	10420	1
"Snacks_I"	10452	1
"GummyBears_II"	10494	1
"Snacks_III"	10605	1
"Snacks_II"	10613	1
"Crackers_III"	11323	1
"Crackers_II"	11341	1
"Crackers_I"	11428	1
"ChocolateBar_I"	11491	1
"ChocolateBar_II"	11691	1
"ChewingGum_III"	11709	1
"ChocolateBar_III"	11906	1
"ChewingGum_I"	11916	1
"ChewingGum_II"	12057	1
"Snickers_I"	17879	1
"Snickers_II"	18011	1
"Snickers_III"	18084	1
"CaramelBars_I"	20530	1
"CaramelBars_III"	20652	1
"CaramelBars_II"	20658	1
"Sweets_I"	26089	1
"Sweets_II"	26139	1
"Sweets_III"	26168	1
"ShoppingBag_II"	51445	1
"ShoppingBag_I"	51692	1
"ShoppingBag_III"	51737	1
