"cycle 0"	"cycle 1"	"cycle 2"	"cycle 3"	"cycle 4"	"cycle 5"	"cycle 6"	"cycle 7"	"cycle 8"	"cycle 9"	"cycle 10"	"cycle 11"	"cycle 12"	"cycle 13"	"cycle 14"	"cycle 15"	"cycle 16"	"cycle 17"	"cycle 18"	"cycle 19"	"cycle 20"	"cycle 21"	"cycle 22"	"cycle 23"	"cycle 24"	"cycle 25"	"cycle 26"	"cycle 27"	"cycle 28"	"cycle 29"	"cycle 30"	"cycle 31"	"cycle 32"	"cycle 33"	"cycle 34"	"cycle 35"	"cycle 36"	"cycle 37"	"cycle 38"	"cycle 39"	"cycle 40"	"cycle 41"	"cycle 42"	"cycle 43"	"cycle 44"	"cycle 45"	"cycle 46"	"cycle 47"	"cycle 48"	"cycle 49"	"cycle 50"	"cycle 51"	"cycle 52"	"cycle 53"	"cycle 54"	"cycle 55"	"cycle 56"	"cycle 57"	"cycle 58"	"cycle 59"	"cycle 60"	"cycle 61"	"cycle 62"	"cycle 63"	"cycle 64"	"cycle 65"	"cycle 66"	"cycle 67"	"cycle 68"	"cycle 69"	"cycle 70"	"cycle 71"	"cycle 72"	"cycle 73"	"cycle 74"	"cycle 75"
"H1"	"H2"	"H5"	"H6"	"H7"	"H7"	"H7"	"H10"	"H9"	"H10"	"H11"	"H12"	"H17"	"H22"	"H23"	"H24"	"H23"	"H23"	"H24"	"H25"	"H26"	"H27"	"H36"	"H36"	"H27"	"H36"	"H35"	"H36"	"H27"	"H27"	"H36"	"H27"	"H36"	"H36"	"H36"	"H35"	"H36"	"H36"	"H27"	"H28"	"H29"	"H29"	"H30"	"H31"	"H32"	"H31"	"H30"	"H30"	"H31"	"H32"	"H33"	"H34"	"H35"	"H36"	"H36"	"H27"	"H28"	"H27"	"H27"	"H28"	"H29"	"H28"	"H27"	"H28"	"H29"	"H28"	"H29"	"H30"	"H31"	"H32"	"H37"	"H40"	"H41"	"H41"	"H41"	"H41"
"H1"	"H2"	"H5"	"H8"	"H9"	"H10"	"H11"	"H12"	"H17"	"H22"	"H23"	"H24"	"H25"	"H26"	"H27"	"H28"	"H27"	"H36"	"H35"	"H34"	"H35"	"H36"	"H27"	"H36"	"H27"	"H36"	"H35"	"H36"	"H36"	"H35"	"H36"	"H27"	"H36"	"H27"	"H28"	"H29"	"H30"	"H29"	"H30"	"H31"	"H32"	"H37"	"H39"	"H37"	"H38"	"H37"	"H40"	"H41"	"H41"	"H41"	"H41"	"H41"	"H41"	"H41"	"H41"	"H41"	"H41"	"H41"	"H41"	"H41"	"H41"	"H41"	"H41"	"H41"	"H41"	"H41"	"H41"	"H41"	"H41"	"H41"	"H41"	"H41"	"H41"	"H41"	"H41"	"H41"
"H1"	"H2"	"H3"	"H4"	"H7"	"H6"	"H7"	"H4"	"H3"	"H2"	"H3"	"H6"	"H7"	"H10"	"H10"	"H11"	"H12"	"H12"	"H13"	"H13"	"H14"	"H15"	"H15"	"H16"	"H21"	"H26"	"H21"	"H26"	"H21"	"H26"	"H27"	"H28"	"H29"	"H28"	"H29"	"H30"	"H30"	"H31"	"H32"	"H37"	"H40"	"H40"	"H41"	"H41"	"H41"	"H41"	"H41"	"H41"	"H41"	"H41"	"H41"	"H41"	"H41"	"H41"	"H41"	"H41"	"H41"	"H41"	"H41"	"H41"	"H41"	"H41"	"H41"	"H41"	"H41"	"H41"	"H41"	"H41"	"H41"	"H41"	"H41"	"H41"	"H41"	"H41"	"H41"	"H41"
"H1"	"H2"	"H5"	"H2"	"H3"	"H4"	"H7"	"H10"	"H9"	"H9"	"H10"	"H11"	"H12"	"H17"	"H22"	"H23"	"H24"	"H25"	"H24"	"H25"	"H24"	"H23"	"H18"	"H19"	"H20"	"H21"	"H26"	"H27"	"H27"	"H36"	"H36"	"H35"	"H36"	"H27"	"H36"	"H27"	"H28"	"H29"	"H30"	"H31"	"H32"	"H33"	"H34"	"H33"	"H34"	"H34"	"H35"	"H36"	"H27"	"H28"	"H29"	"H30"	"H31"	"H30"	"H30"	"H30"	"H31"	"H32"	"H37"	"H40"	"H41"	"H41"	"H41"	"H41"	"H41"	"H41"	"H41"	"H41"	"H41"	"H41"	"H41"	"H41"	"H41"	"H41"	"H41"	"H41"
"H1"	"H2"	"H5"	"H8"	"H9"	"H6"	"H6"	"H5"	"H6"	"H9"	"H10"	"H11"	"H10"	"H11"	"H12"	"H13"	"H18"	"H23"	"H18"	"H19"	"H24"	"H24"	"H23"	"H24"	"H25"	"H20"	"H21"	"H26"	"H21"	"H26"	"H27"	"H28"	"H29"	"H29"	"H30"	"H31"	"H31"	"H32"	"H37"	"H37"	"H39"	"H39"	"H39"	"H37"	"H32"	"H32"	"H33"	"H34"	"H35"	"H36"	"H36"	"H27"	"H36"	"H35"	"H34"	"H34"	"H33"	"H32"	"H33"	"H34"	"H35"	"H36"	"H36"	"H35"	"H36"	"H27"	"H28"	"H29"	"H29"	"H28"	"H29"	"H30"	"H31"	"H32"	"H37"	"H32"
"H1"	"H1"	"H2"	"H3"	"H4"	"H7"	"H4"	"H7"	"H7"	"H10"	"H11"	"H12"	"H17"	"H22"	"H23"	"H24"	"H25"	"H26"	"H27"	"H27"	"H36"	"H35"	"H36"	"H36"	"H36"	"H36"	"H27"	"H28"	"H29"	"H29"	"H30"	"H31"	"H32"	"H37"	"H40"	"H41"	"H41"	"H41"	"H41"	"H41"	"H41"	"H41"	"H41"	"H41"	"H41"	"H41"	"H41"	"H41"	"H41"	"H41"	"H41"	"H41"	"H41"	"H41"	"H41"	"H41"	"H41"	"H41"	"H41"	"H41"	"H41"	"H41"	"H41"	"H41"	"H41"	"H41"	"H41"	"H41"	"H41"	"H41"	"H41"	"H41"	"H41"	"H41"	"H41"	"H41"
"H1"	"H2"	"H3"	"H6"	"H9"	"H10"	"H7"	"H10"	"H9"	"H8"	"H9"	"H10"	"H11"	"H12"	"H13"	"H18"	"H17"	"H18"	"H19"	"H20"	"H25"	"H26"	"H27"	"H28"	"H29"	"H30"	"H30"	"H31"	"H32"	"H33"	"H32"	"H37"	"H39"	"H39"	"H37"	"H38"	"H37"	"H32"	"H31"	"H32"	"H33"	"H32"	"H37"	"H38"	"H38"	"H37"	"H40"	"H41"	"H41"	"H41"	"H41"	"H41"	"H41"	"H41"	"H41"	"H41"	"H41"	"H41"	"H41"	"H41"	"H41"	"H41"	"H41"	"H41"	"H41"	"H41"	"H41"	"H41"	"H41"	"H41"	"H41"	"H41"	"H41"	"H41"	"H41"	"H41"
"H1"	"H2"	"H3"	"H4"	"H7"	"H10"	"H11"	"H12"	"H17"	"H22"	"H22"	"H23"	"H24"	"H23"	"H24"	"H25"	"H26"	"H27"	"H27"	"H36"	"H35"	"H34"	"H35"	"H36"	"H27"	"H28"	"H27"	"H36"	"H27"	"H27"	"H28"	"H29"	"H29"	"H30"	"H29"	"H30"	"H29"	"H28"	"H28"	"H29"	"H30"	"H30"	"H31"	"H32"	"H37"	"H38"	"H37"	"H39"	"H39"	"H37"	"H32"	"H32"	"H33"	"H34"	"H33"	"H34"	"H33"	"H34"	"H35"	"H36"	"H27"	"H36"	"H27"	"H36"	"H27"	"H28"	"H29"	"H30"	"H31"	"H32"	"H33"	"H34"	"H35"	"H36"	"H36"	"H27"
"H1"	"H2"	"H3"	"H4"	"H7"	"H10"	"H11"	"H12"	"H17"	"H22"	"H23"	"H24"	"H25"	"H26"	"H27"	"H36"	"H35"	"H36"	"H27"	"H36"	"H36"	"H36"	"H35"	"H34"	"H35"	"H36"	"H35"	"H34"	"H35"	"H34"	"H35"	"H36"	"H27"	"H36"	"H36"	"H35"	"H36"	"H36"	"H36"	"H35"	"H36"	"H27"	"H36"	"H27"	"H28"	"H29"	"H30"	"H31"	"H32"	"H37"	"H39"	"H37"	"H32"	"H37"	"H38"	"H37"	"H38"	"H37"	"H38"	"H37"	"H38"	"H37"	"H40"	"H41"	"H41"	"H41"	"H41"	"H41"	"H41"	"H41"	"H41"	"H41"	"H41"	"H41"	"H41"	"H41"
"H1"	"H2"	"H3"	"H6"	"H7"	"H10"	"H10"	"H11"	"H12"	"H11"	"H12"	"H17"	"H22"	"H17"	"H22"	"H23"	"H24"	"H25"	"H26"	"H27"	"H28"	"H29"	"H30"	"H31"	"H32"	"H37"	"H38"	"H37"	"H40"	"H41"	"H41"	"H41"	"H41"	"H41"	"H41"	"H41"	"H41"	"H41"	"H41"	"H41"	"H41"	"H41"	"H41"	"H41"	"H41"	"H41"	"H41"	"H41"	"H41"	"H41"	"H41"	"H41"	"H41"	"H41"	"H41"	"H41"	"H41"	"H41"	"H41"	"H41"	"H41"	"H41"	"H41"	"H41"	"H41"	"H41"	"H41"	"H41"	"H41"	"H41"	"H41"	"H41"	"H41"	"H41"	"H41"	"H41"
