seed	condition	representation	set	n_items	n_pairs	spearman_rho	neighbour_precision	neighbour_precision_chance	glove_learning_rate	window	rank	n_lists
1	main	GloVe (rank 50)	all	120	7140	0.8030852313497516	0.6305555555555555	0.06666666666666667	0.15	5	50	80000
1	main	GloVe (rank 50)	I	40	780	0.7929920935258485	0.6416666666666666	0.06666666666666667	0.15	5	50	80000
1	main	Raw co-occurrence counts	all	120	7140	0.8974427880754767	0.4043981481481481	0.06666666666666667	NA	NA	NA	NA
1	main	Raw co-occurrence counts	I	40	780	0.8906962602389883	0.42083333333333334	0.06666666666666667	NA	NA	NA	NA
1	main	PPMI	all	120	7140	0.8051008486359891	0.4898148148148148	0.06666666666666667	NA	NA	NA	NA
1	main	PPMI	I	40	780	0.788074746499505	0.5125	0.06666666666666667	NA	NA	NA	NA
1	main	SVD of PPMI (rank 50)	all	120	7140	0.657966493494135	0.2724537037037037	0.06666666666666667	NA	NA	NA	NA
1	main	SVD of PPMI (rank 50)	I	40	780	0.6335043913597991	0.2583333333333333	0.06666666666666667	NA	NA	NA	NA
1	main	word2vec skip-gram (dim 50)	all	120	7140	0.8041834403012698	0.4129629629629629	0.06666666666666667	NA	NA	NA	NA
1	main	word2vec skip-gram (dim 50)	I	40	780	0.7819048791541243	0.42083333333333334	0.06666666666666667	NA	NA	NA	NA
1	control	GloVe, tokens shuffled across corpus	all	120	7140	-0.041643972072620265	0.07106481481481482	0.06666666666666667	0.15	NA	NA	NA
1	control	GloVe, tokens shuffled across corpus	I	40	780	-0.007000774769772402	0.07291666666666667	0.06666666666666667	0.15	NA	NA	NA
1	control	GloVe, tokens shuffled within lists	all	120	7140	0.14276477175329388	0.3678240740740741	0.06666666666666667	0.15	NA	NA	NA
1	control	GloVe, tokens shuffled within lists	I	40	780	0.10517349173559158	0.325	0.06666666666666667	0.15	NA	NA	NA
1	window	GloVe (rank 50)	all	120	7140	0.9339917162139035	0.7831018518518519	0.06666666666666667	0.15	1	NA	NA
1	window	GloVe (rank 50)	I	40	780	0.9325080233720471	0.775	0.06666666666666667	0.15	1	NA	NA
1	window	GloVe (rank 50)	all	120	7140	0.9019362193652863	0.7037037037037037	0.06666666666666667	0.15	2	NA	NA
1	window	GloVe (rank 50)	I	40	780	0.8982329646306949	0.7541666666666667	0.06666666666666667	0.15	2	NA	NA
1	window	GloVe (rank 50)	all	120	7140	0.723019795478349	0.5986111111111111	0.06666666666666667	0.15	10	NA	NA
1	window	GloVe (rank 50)	I	40	780	0.7115491061138497	0.6208333333333333	0.06666666666666667	0.15	10	NA	NA
1	rank	GloVe (rank 2)	all	120	7140	0.8974843630730546	0.4956018518518518	0.06666666666666667	0.15	NA	2	NA
1	rank	GloVe (rank 2)	I	40	780	0.8926566754087863	0.5229166666666667	0.06666666666666667	0.15	NA	2	NA
1	rank	GloVe (rank 5)	all	120	7140	0.8343443573972836	0.6333333333333333	0.06666666666666667	0.15	NA	5	NA
1	rank	GloVe (rank 5)	I	40	780	0.8164733727671128	0.65	0.06666666666666667	0.15	NA	5	NA
1	rank	GloVe (rank 10)	all	120	7140	0.8172400668779144	0.611574074074074	0.06666666666666667	0.15	NA	10	NA
1	rank	GloVe (rank 10)	I	40	780	0.7999997127010757	0.6083333333333333	0.06666666666666667	0.15	NA	10	NA
1	rank	GloVe (rank 25)	all	120	7140	0.803897357228518	0.5712962962962963	0.06666666666666667	0.15	NA	25	NA
1	rank	GloVe (rank 25)	I	40	780	0.7966077901304105	0.5791666666666666	0.06666666666666667	0.15	NA	25	NA
1	rank	GloVe (rank 100)	all	120	7140	0.7833336559947759	0.5921296296296297	0.06666666666666667	0.15	NA	100	NA
1	rank	GloVe (rank 100)	I	40	780	0.7606873616673788	0.5145833333333333	0.06666666666666667	0.15	NA	100	NA
1	size	GloVe (rank 50)	all	120	7140	0.7751446640389266	0.46249999999999997	0.06666666666666667	0.15	NA	NA	1000
1	size	GloVe (rank 50)	I	40	780	0.77300256377629	0.45416666666666666	0.06666666666666667	0.15	NA	NA	1000
1	size	GloVe (rank 50)	all	120	7140	0.8192780457986164	0.61875	0.06666666666666667	0.15	NA	NA	5000
1	size	GloVe (rank 50)	I	40	780	0.7997623005555692	0.70625	0.06666666666666667	0.15	NA	NA	5000
1	size	GloVe (rank 50)	all	120	7140	0.8049702154194267	0.6439814814814815	0.06666666666666667	0.15	NA	NA	10000
1	size	GloVe (rank 50)	I	40	780	0.7896618973525255	0.6625	0.06666666666666667	0.15	NA	NA	10000
1	size	GloVe (rank 50)	all	120	7140	0.7969051616665208	0.6511574074074074	0.06666666666666667	0.15	NA	NA	20000
1	size	GloVe (rank 50)	I	40	780	0.7777234924387249	0.66875	0.06666666666666667	0.15	NA	NA	20000
1	size	GloVe (rank 50)	all	120	7140	0.8012399043505232	0.6363425925925926	0.06666666666666667	0.15	NA	NA	40000
1	size	GloVe (rank 50)	I	40	780	0.799569339021044	0.6208333333333333	0.06666666666666667	0.15	NA	NA	40000
2	main	GloVe (rank 50)	all	120	7140	0.807167685300017	0.5974537037037037	0.06666666666666667	0.15	5	50	80000
2	main	GloVe (rank 50)	I	40	780	0.7908726219781763	0.575	0.06666666666666667	0.15	5	50	80000
2	main	Raw co-occurrence counts	all	120	7140	0.8979728067152389	0.39675925925925926	0.06666666666666667	NA	NA	NA	NA
2	main	Raw co-occurrence counts	I	40	780	0.892283617287026	0.38125	0.06666666666666667	NA	NA	NA	NA
2	main	PPMI	all	120	7140	0.8027744573833865	0.5050925925925925	0.06666666666666667	NA	NA	NA	NA
2	main	PPMI	I	40	780	0.7909368135342733	0.525	0.06666666666666667	NA	NA	NA	NA
2	main	SVD of PPMI (rank 50)	all	120	7140	0.6571494527690976	0.2875	0.06666666666666667	NA	NA	NA	NA
2	main	SVD of PPMI (rank 50)	I	40	780	0.6516526112692977	0.32083333333333336	0.06666666666666667	NA	NA	NA	NA
2	main	word2vec skip-gram (dim 50)	all	120	7140	0.8047266695049419	0.40902777777777777	0.06666666666666667	NA	NA	NA	NA
2	main	word2vec skip-gram (dim 50)	I	40	780	0.7934399331146147	0.42291666666666666	0.06666666666666667	NA	NA	NA	NA
2	control	GloVe, tokens shuffled across corpus	all	120	7140	-0.02543189383933377	0.09375	0.06666666666666667	0.15	NA	NA	NA
2	control	GloVe, tokens shuffled across corpus	I	40	780	-0.03197214445266699	0.13333333333333333	0.06666666666666667	0.15	NA	NA	NA
2	control	GloVe, tokens shuffled within lists	all	120	7140	0.13301706262804613	0.38749999999999996	0.06666666666666667	0.15	NA	NA	NA
2	control	GloVe, tokens shuffled within lists	I	40	780	0.08504644013569164	0.32083333333333336	0.06666666666666667	0.15	NA	NA	NA
2	window	GloVe (rank 50)	all	120	7140	0.9361608438176355	0.7752314814814815	0.06666666666666667	0.15	1	NA	NA
2	window	GloVe (rank 50)	I	40	780	0.9332709464334066	0.75625	0.06666666666666667	0.15	1	NA	NA
2	window	GloVe (rank 50)	all	120	7140	0.9056180486089069	0.7168981481481481	0.06666666666666667	0.15	2	NA	NA
2	window	GloVe (rank 50)	I	40	780	0.9020247525778183	0.6833333333333333	0.06666666666666667	0.15	2	NA	NA
2	window	GloVe (rank 50)	all	120	7140	0.7140800367389962	0.5569444444444445	0.06666666666666667	0.15	10	NA	NA
2	window	GloVe (rank 50)	I	40	780	0.6803471473972192	0.525	0.06666666666666667	0.15	10	NA	NA
2	rank	GloVe (rank 2)	all	120	7140	0.8901303825017325	0.47986111111111107	0.06666666666666667	0.15	NA	2	NA
2	rank	GloVe (rank 2)	I	40	780	0.8860595557881221	0.49583333333333335	0.06666666666666667	0.15	NA	2	NA
2	rank	GloVe (rank 5)	all	120	7140	0.8195644552753729	0.649074074074074	0.06666666666666667	0.15	NA	5	NA
2	rank	GloVe (rank 5)	I	40	780	0.8057563900311925	0.675	0.06666666666666667	0.15	NA	5	NA
2	rank	GloVe (rank 10)	all	120	7140	0.8275184906244933	0.6016203703703703	0.06666666666666667	0.15	NA	10	NA
2	rank	GloVe (rank 10)	I	40	780	0.8171969404971073	0.5958333333333333	0.06666666666666667	0.15	NA	10	NA
2	rank	GloVe (rank 25)	all	120	7140	0.8140178204707974	0.5993055555555555	0.06666666666666667	0.15	NA	25	NA
2	rank	GloVe (rank 25)	I	40	780	0.7984912691129668	0.5916666666666667	0.06666666666666667	0.15	NA	25	NA
2	rank	GloVe (rank 100)	all	120	7140	0.7887222001795602	0.5796296296296296	0.06666666666666667	0.15	NA	100	NA
2	rank	GloVe (rank 100)	I	40	780	0.7435986557222802	0.5020833333333333	0.06666666666666667	0.15	NA	100	NA
2	size	GloVe (rank 50)	all	120	7140	0.7733255850767384	0.4951388888888889	0.06666666666666667	0.15	NA	NA	1000
2	size	GloVe (rank 50)	I	40	780	0.7927086083917714	0.5791666666666667	0.06666666666666667	0.15	NA	NA	1000
2	size	GloVe (rank 50)	all	120	7140	0.8252296801644254	0.6027777777777777	0.06666666666666667	0.15	NA	NA	5000
2	size	GloVe (rank 50)	I	40	780	0.8152643085435258	0.6437499999999999	0.06666666666666667	0.15	NA	NA	5000
2	size	GloVe (rank 50)	all	120	7140	0.8152909438016929	0.6208333333333333	0.06666666666666667	0.15	NA	NA	10000
2	size	GloVe (rank 50)	I	40	780	0.8036100732043477	0.6833333333333333	0.06666666666666667	0.15	NA	NA	10000
2	size	GloVe (rank 50)	all	120	7140	0.7968181183184473	0.6402777777777777	0.06666666666666667	0.15	NA	NA	20000
2	size	GloVe (rank 50)	I	40	780	0.7751032512334363	0.6895833333333333	0.06666666666666667	0.15	NA	NA	20000
2	size	GloVe (rank 50)	all	120	7140	0.7982840497589743	0.624537037037037	0.06666666666666667	0.15	NA	NA	40000
2	size	GloVe (rank 50)	I	40	780	0.7905268274048111	0.6958333333333333	0.06666666666666667	0.15	NA	NA	40000
3	main	GloVe (rank 50)	all	120	7140	0.8008828753722177	0.6173611111111111	0.06666666666666667	0.15	5	50	80000
3	main	GloVe (rank 50)	I	40	780	0.7766181970067272	0.625	0.06666666666666667	0.15	5	50	80000
3	main	Raw co-occurrence counts	all	120	7140	0.8986847785611518	0.4145833333333333	0.06666666666666667	NA	NA	NA	NA
3	main	Raw co-occurrence counts	I	40	780	0.8912560565562399	0.3729166666666667	0.06666666666666667	NA	NA	NA	NA
3	main	PPMI	all	120	7140	0.8087773691720299	0.5101851851851852	0.06666666666666667	NA	NA	NA	NA
3	main	PPMI	I	40	780	0.7979750209342293	0.5104166666666666	0.06666666666666667	NA	NA	NA	NA
3	main	SVD of PPMI (rank 50)	all	120	7140	0.6584468642259701	0.3037037037037037	0.06666666666666667	NA	NA	NA	NA
3	main	SVD of PPMI (rank 50)	I	40	780	0.6452065502119855	0.2583333333333333	0.06666666666666667	NA	NA	NA	NA
3	main	word2vec skip-gram (dim 50)	all	120	7140	0.8075814969762961	0.4152777777777778	0.06666666666666667	NA	NA	NA	NA
3	main	word2vec skip-gram (dim 50)	I	40	780	0.7916722893569682	0.38958333333333334	0.06666666666666667	NA	NA	NA	NA
3	control	GloVe, tokens shuffled across corpus	all	120	7140	-0.03907750695045723	0.11319444444444443	0.06666666666666667	0.15	NA	NA	NA
3	control	GloVe, tokens shuffled across corpus	I	40	780	-0.021966282768673538	0.06875	0.06666666666666667	0.15	NA	NA	NA
3	control	GloVe, tokens shuffled within lists	all	120	7140	0.14910499878600178	0.43819444444444444	0.06666666666666667	0.15	NA	NA	NA
3	control	GloVe, tokens shuffled within lists	I	40	780	0.11168176083359287	0.38333333333333336	0.06666666666666667	0.15	NA	NA	NA
3	window	GloVe (rank 50)	all	120	7140	0.9332139046900083	0.7782407407407407	0.06666666666666667	0.15	1	NA	NA
3	window	GloVe (rank 50)	I	40	780	0.9213943946651973	0.7625	0.06666666666666667	0.15	1	NA	NA
3	window	GloVe (rank 50)	all	120	7140	0.9046856119984016	0.732175925925926	0.06666666666666667	0.15	2	NA	NA
3	window	GloVe (rank 50)	I	40	780	0.8889468809040462	0.75	0.06666666666666667	0.15	2	NA	NA
3	window	GloVe (rank 50)	all	120	7140	0.7180447039502222	0.6002314814814815	0.06666666666666667	0.15	10	NA	NA
3	window	GloVe (rank 50)	I	40	780	0.6814404017455462	0.5187499999999999	0.06666666666666667	0.15	10	NA	NA
3	rank	GloVe (rank 2)	all	120	7140	0.8989490494694217	0.47453703703703703	0.06666666666666667	0.15	NA	2	NA
3	rank	GloVe (rank 2)	I	40	780	0.8937788663823971	0.4916666666666667	0.06666666666666667	0.15	NA	2	NA
3	rank	GloVe (rank 5)	all	120	7140	0.8433819534197889	0.6351851851851852	0.06666666666666667	0.15	NA	5	NA
3	rank	GloVe (rank 5)	I	40	780	0.8308451285928117	0.6083333333333333	0.06666666666666667	0.15	NA	5	NA
3	rank	GloVe (rank 10)	all	120	7140	0.8192508529496195	0.6217592592592592	0.06666666666666667	0.15	NA	10	NA
3	rank	GloVe (rank 10)	I	40	780	0.803292188595448	0.6041666666666666	0.06666666666666667	0.15	NA	10	NA
3	rank	GloVe (rank 25)	all	120	7140	0.8088901009925462	0.5849537037037037	0.06666666666666667	0.15	NA	25	NA
3	rank	GloVe (rank 25)	I	40	780	0.7861025530195412	0.6020833333333333	0.06666666666666667	0.15	NA	25	NA
3	rank	GloVe (rank 100)	all	120	7140	0.7789603098040507	0.5768518518518518	0.06666666666666667	0.15	NA	100	NA
3	rank	GloVe (rank 100)	I	40	780	0.7557298827475318	0.6041666666666666	0.06666666666666667	0.15	NA	100	NA
3	size	GloVe (rank 50)	all	120	7140	0.7672857309205398	0.500462962962963	0.06666666666666667	0.15	NA	NA	1000
3	size	GloVe (rank 50)	I	40	780	0.8000953569298938	0.475	0.06666666666666667	0.15	NA	NA	1000
3	size	GloVe (rank 50)	all	120	7140	0.8442645467756422	0.6199074074074075	0.06666666666666667	0.15	NA	NA	5000
3	size	GloVe (rank 50)	I	40	780	0.8366797307465138	0.6854166666666667	0.06666666666666667	0.15	NA	NA	5000
3	size	GloVe (rank 50)	all	120	7140	0.8140993897486086	0.6368055555555555	0.06666666666666667	0.15	NA	NA	10000
3	size	GloVe (rank 50)	I	40	780	0.8130587115605477	0.6583333333333333	0.06666666666666667	0.15	NA	NA	10000
3	size	GloVe (rank 50)	all	120	7140	0.800930801641527	0.6349537037037037	0.06666666666666667	0.15	NA	NA	20000
3	size	GloVe (rank 50)	I	40	780	0.7792518862012521	0.6458333333333334	0.06666666666666667	0.15	NA	NA	20000
3	size	GloVe (rank 50)	all	120	7140	0.7988030219652519	0.6141203703703704	0.06666666666666667	0.15	NA	NA	40000
3	size	GloVe (rank 50)	I	40	780	0.7922624292050693	0.6104166666666666	0.06666666666666667	0.15	NA	NA	40000
4	main	GloVe (rank 50)	all	120	7140	0.8042037267191042	0.6247685185185186	0.06666666666666667	0.15	5	50	80000
4	main	GloVe (rank 50)	I	40	780	0.8094309865471403	0.5979166666666667	0.06666666666666667	0.15	5	50	80000
4	main	Raw co-occurrence counts	all	120	7140	0.8975153621347658	0.39444444444444443	0.06666666666666667	NA	NA	NA	NA
4	main	Raw co-occurrence counts	I	40	780	0.8927219761067549	0.4020833333333333	0.06666666666666667	NA	NA	NA	NA
4	main	PPMI	all	120	7140	0.8045664110842968	0.5090277777777777	0.06666666666666667	NA	NA	NA	NA
4	main	PPMI	I	40	780	0.7947504197510361	0.5145833333333333	0.06666666666666667	NA	NA	NA	NA
4	main	SVD of PPMI (rank 50)	all	120	7140	0.6578205445085099	0.280787037037037	0.06666666666666667	NA	NA	NA	NA
4	main	SVD of PPMI (rank 50)	I	40	780	0.6450494964564482	0.2875	0.06666666666666667	NA	NA	NA	NA
4	main	word2vec skip-gram (dim 50)	all	120	7140	0.8075633729540137	0.4064814814814815	0.06666666666666667	NA	NA	NA	NA
4	main	word2vec skip-gram (dim 50)	I	40	780	0.7948121603593487	0.4395833333333333	0.06666666666666667	NA	NA	NA	NA
4	control	GloVe, tokens shuffled across corpus	all	120	7140	-0.03299396011129007	0.09652777777777777	0.06666666666666667	0.15	NA	NA	NA
4	control	GloVe, tokens shuffled across corpus	I	40	780	-0.03740761636975601	0.09375	0.06666666666666667	0.15	NA	NA	NA
4	control	GloVe, tokens shuffled within lists	all	120	7140	0.14346087377205377	0.4074074074074074	0.06666666666666667	0.15	NA	NA	NA
4	control	GloVe, tokens shuffled within lists	I	40	780	0.11213285785236257	0.38958333333333334	0.06666666666666667	0.15	NA	NA	NA
4	window	GloVe (rank 50)	all	120	7140	0.931898675986007	0.7560185185185185	0.06666666666666667	0.15	1	NA	NA
4	window	GloVe (rank 50)	I	40	780	0.9298833713276876	0.6770833333333333	0.06666666666666667	0.15	1	NA	NA
4	window	GloVe (rank 50)	all	120	7140	0.9027529066718645	0.68125	0.06666666666666667	0.15	2	NA	NA
4	window	GloVe (rank 50)	I	40	780	0.9019693255684595	0.6520833333333333	0.06666666666666667	0.15	2	NA	NA
4	window	GloVe (rank 50)	all	120	7140	0.7221103688879339	0.594212962962963	0.06666666666666667	0.15	10	NA	NA
4	window	GloVe (rank 50)	I	40	780	0.7211712121238535	0.55625	0.06666666666666667	0.15	10	NA	NA
4	rank	GloVe (rank 2)	all	120	7140	0.9109902438441221	0.4981481481481482	0.06666666666666667	0.15	NA	2	NA
4	rank	GloVe (rank 2)	I	40	780	0.9045889330325024	0.46458333333333335	0.06666666666666667	0.15	NA	2	NA
4	rank	GloVe (rank 5)	all	120	7140	0.8441236808694227	0.65	0.06666666666666667	0.15	NA	5	NA
4	rank	GloVe (rank 5)	I	40	780	0.8401103368828235	0.6229166666666667	0.06666666666666667	0.15	NA	5	NA
4	rank	GloVe (rank 10)	all	120	7140	0.833938904042783	0.6310185185185185	0.06666666666666667	0.15	NA	10	NA
4	rank	GloVe (rank 10)	I	40	780	0.8293002195334187	0.6166666666666667	0.06666666666666667	0.15	NA	10	NA
4	rank	GloVe (rank 25)	all	120	7140	0.8093737431004648	0.6048611111111111	0.06666666666666667	0.15	NA	25	NA
4	rank	GloVe (rank 25)	I	40	780	0.8061399936072832	0.5916666666666667	0.06666666666666667	0.15	NA	25	NA
4	rank	GloVe (rank 100)	all	120	7140	0.7853682814551068	0.606712962962963	0.06666666666666667	0.15	NA	100	NA
4	rank	GloVe (rank 100)	I	40	780	0.7776545160415306	0.6166666666666667	0.06666666666666667	0.15	NA	100	NA
4	size	GloVe (rank 50)	all	120	7140	0.7898470256551908	0.49513888888888885	0.06666666666666667	0.15	NA	NA	1000
4	size	GloVe (rank 50)	I	40	780	0.7942953570482131	0.5375	0.06666666666666667	0.15	NA	NA	1000
4	size	GloVe (rank 50)	all	120	7140	0.8308018741126686	0.5849537037037037	0.06666666666666667	0.15	NA	NA	5000
4	size	GloVe (rank 50)	I	40	780	0.8259064464383155	0.6333333333333333	0.06666666666666667	0.15	NA	NA	5000
4	size	GloVe (rank 50)	all	120	7140	0.8086359892044594	0.6324074074074074	0.06666666666666667	0.15	NA	NA	10000
4	size	GloVe (rank 50)	I	40	780	0.7950166559845476	0.5666666666666667	0.06666666666666667	0.15	NA	NA	10000
4	size	GloVe (rank 50)	all	120	7140	0.7992510246717	0.6275462962962963	0.06666666666666667	0.15	NA	NA	20000
4	size	GloVe (rank 50)	I	40	780	0.7816794193685139	0.625	0.06666666666666667	0.15	NA	NA	20000
4	size	GloVe (rank 50)	all	120	7140	0.7930855766982581	0.6291666666666667	0.06666666666666667	0.15	NA	NA	40000
4	size	GloVe (rank 50)	I	40	780	0.7878530604139009	0.6520833333333333	0.06666666666666667	0.15	NA	NA	40000
5	main	GloVe (rank 50)	all	120	7140	0.7955370575955849	0.6287037037037037	0.06666666666666667	0.15	5	50	80000
5	main	GloVe (rank 50)	I	40	780	0.7794951034165702	0.6958333333333333	0.06666666666666667	0.15	5	50	80000
5	main	Raw co-occurrence counts	all	120	7140	0.8968742330438018	0.39722222222222225	0.06666666666666667	NA	NA	NA	NA
5	main	Raw co-occurrence counts	I	40	780	0.8900438743257235	0.39375	0.06666666666666667	NA	NA	NA	NA
5	main	PPMI	all	120	7140	0.8073638219808533	0.4986111111111111	0.06666666666666667	NA	NA	NA	NA
5	main	PPMI	I	40	780	0.7961598522552025	0.48124999999999996	0.06666666666666667	NA	NA	NA	NA
5	main	SVD of PPMI (rank 50)	all	120	7140	0.6622689733356356	0.2798611111111111	0.06666666666666667	NA	NA	NA	NA
5	main	SVD of PPMI (rank 50)	I	40	780	0.6499867463557287	0.2708333333333333	0.06666666666666667	NA	NA	NA	NA
5	main	word2vec skip-gram (dim 50)	all	120	7140	0.7960667131511657	0.39143518518518516	0.06666666666666667	NA	NA	NA	NA
5	main	word2vec skip-gram (dim 50)	I	40	780	0.7866730975883217	0.36875	0.06666666666666667	NA	NA	NA	NA
5	control	GloVe, tokens shuffled across corpus	all	120	7140	-0.056208375083211005	0.08518518518518516	0.06666666666666667	0.15	NA	NA	NA
5	control	GloVe, tokens shuffled across corpus	I	40	780	-0.110653857882534	0.07708333333333332	0.06666666666666667	0.15	NA	NA	NA
5	control	GloVe, tokens shuffled within lists	all	120	7140	0.12870176707978104	0.3898148148148148	0.06666666666666667	0.15	NA	NA	NA
5	control	GloVe, tokens shuffled within lists	I	40	780	0.10020617715160955	0.42291666666666666	0.06666666666666667	0.15	NA	NA	NA
5	window	GloVe (rank 50)	all	120	7140	0.9306830104666075	0.7680555555555556	0.06666666666666667	0.15	1	NA	NA
5	window	GloVe (rank 50)	I	40	780	0.923696485090263	0.7604166666666666	0.06666666666666667	0.15	1	NA	NA
5	window	GloVe (rank 50)	all	120	7140	0.8968723036169395	0.6747685185185185	0.06666666666666667	0.15	2	NA	NA
5	window	GloVe (rank 50)	I	40	780	0.8851520509989428	0.6916666666666667	0.06666666666666667	0.15	2	NA	NA
5	window	GloVe (rank 50)	all	120	7140	0.6920756675364296	0.5791666666666666	0.06666666666666667	0.15	10	NA	NA
5	window	GloVe (rank 50)	I	40	780	0.6711058058025248	0.5958333333333333	0.06666666666666667	0.15	10	NA	NA
5	rank	GloVe (rank 2)	all	120	7140	0.9184848199292801	0.48194444444444445	0.06666666666666667	0.15	NA	2	NA
5	rank	GloVe (rank 2)	I	40	780	0.9149804516142229	0.5416666666666666	0.06666666666666667	0.15	NA	2	NA
5	rank	GloVe (rank 5)	all	120	7140	0.8235883868463654	0.59375	0.06666666666666667	0.15	NA	5	NA
5	rank	GloVe (rank 5)	I	40	780	0.8076314149055297	0.54375	0.06666666666666667	0.15	NA	5	NA
5	rank	GloVe (rank 10)	all	120	7140	0.8170550496378141	0.6155092592592593	0.06666666666666667	0.15	NA	10	NA
5	rank	GloVe (rank 10)	I	40	780	0.8068318109008624	0.6124999999999999	0.06666666666666667	0.15	NA	10	NA
5	rank	GloVe (rank 25)	all	120	7140	0.7933543324520789	0.5666666666666667	0.06666666666666667	0.15	NA	25	NA
5	rank	GloVe (rank 25)	I	40	780	0.7842899009586171	0.5625	0.06666666666666667	0.15	NA	25	NA
5	rank	GloVe (rank 100)	all	120	7140	0.7788090423910751	0.5627314814814814	0.06666666666666667	0.15	NA	100	NA
5	rank	GloVe (rank 100)	I	40	780	0.7805968498975913	0.5583333333333333	0.06666666666666667	0.15	NA	100	NA
5	size	GloVe (rank 50)	all	120	7140	0.7677913800439871	0.46828703703703706	0.06666666666666667	0.15	NA	NA	1000
5	size	GloVe (rank 50)	I	40	780	0.7212661719121262	0.56875	0.06666666666666667	0.15	NA	NA	1000
5	size	GloVe (rank 50)	all	120	7140	0.8216958693127775	0.5983796296296297	0.06666666666666667	0.15	NA	NA	5000
5	size	GloVe (rank 50)	I	40	780	0.7979948849447711	0.6145833333333334	0.06666666666666667	0.15	NA	NA	5000
5	size	GloVe (rank 50)	all	120	7140	0.803360594789566	0.6298611111111111	0.06666666666666667	0.15	NA	NA	10000
5	size	GloVe (rank 50)	I	40	780	0.7810490496261285	0.6270833333333333	0.06666666666666667	0.15	NA	NA	10000
5	size	GloVe (rank 50)	all	120	7140	0.7938763904525731	0.6412037037037037	0.06666666666666667	0.15	NA	NA	20000
5	size	GloVe (rank 50)	I	40	780	0.7731171061690582	0.7020833333333333	0.06666666666666667	0.15	NA	NA	20000
5	size	GloVe (rank 50)	all	120	7140	0.7888788643865879	0.6291666666666667	0.06666666666666667	0.15	NA	NA	40000
5	size	GloVe (rank 50)	I	40	780	0.7756929221130154	0.7270833333333333	0.06666666666666667	0.15	NA	NA	40000
6	main	GloVe (rank 50)	all	120	7140	0.8044962838430436	0.6092592592592593	0.06666666666666667	0.15	5	50	80000
6	main	GloVe (rank 50)	I	40	780	0.7808213590713329	0.6041666666666666	0.06666666666666667	0.15	5	50	80000
6	main	Raw co-occurrence counts	all	120	7140	0.8966205878870439	0.40347222222222223	0.06666666666666667	NA	NA	NA	NA
6	main	Raw co-occurrence counts	I	40	780	0.890883530777126	0.39375	0.06666666666666667	NA	NA	NA	NA
6	main	PPMI	all	120	7140	0.8065404699402943	0.4918981481481482	0.06666666666666667	NA	NA	NA	NA
6	main	PPMI	I	40	780	0.7969653528295246	0.5270833333333333	0.06666666666666667	NA	NA	NA	NA
6	main	SVD of PPMI (rank 50)	all	120	7140	0.6565575109028685	0.2895833333333333	0.06666666666666667	NA	NA	NA	NA
6	main	SVD of PPMI (rank 50)	I	40	780	0.6447056031068201	0.35	0.06666666666666667	NA	NA	NA	NA
6	main	word2vec skip-gram (dim 50)	all	120	7140	0.7991622773311475	0.40625	0.06666666666666667	NA	NA	NA	NA
6	main	word2vec skip-gram (dim 50)	I	40	780	0.7833840692463265	0.4354166666666666	0.06666666666666667	NA	NA	NA	NA
6	control	GloVe, tokens shuffled across corpus	all	120	7140	-0.03535220465881792	0.09421296296296297	0.06666666666666667	0.15	NA	NA	NA
6	control	GloVe, tokens shuffled across corpus	I	40	780	-0.006107415085199635	0.04791666666666666	0.06666666666666667	0.15	NA	NA	NA
6	control	GloVe, tokens shuffled within lists	all	120	7140	0.13714037690725753	0.40532407407407406	0.06666666666666667	0.15	NA	NA	NA
6	control	GloVe, tokens shuffled within lists	I	40	780	0.10888367915990418	0.4145833333333333	0.06666666666666667	0.15	NA	NA	NA
6	window	GloVe (rank 50)	all	120	7140	0.9335263313665308	0.7627314814814815	0.06666666666666667	0.15	1	NA	NA
6	window	GloVe (rank 50)	I	40	780	0.9251801367208358	0.7416666666666667	0.06666666666666667	0.15	1	NA	NA
6	window	GloVe (rank 50)	all	120	7140	0.9032367944378313	0.6935185185185185	0.06666666666666667	0.15	2	NA	NA
6	window	GloVe (rank 50)	I	40	780	0.8934603987315513	0.6854166666666667	0.06666666666666667	0.15	2	NA	NA
6	window	GloVe (rank 50)	all	120	7140	0.72297154766268	0.5875	0.06666666666666667	0.15	10	NA	NA
6	window	GloVe (rank 50)	I	40	780	0.6938950903026608	0.6145833333333334	0.06666666666666667	0.15	10	NA	NA
6	rank	GloVe (rank 2)	all	120	7140	0.9056405616621706	0.4983796296296296	0.06666666666666667	0.15	NA	2	NA
6	rank	GloVe (rank 2)	I	40	780	0.9012216249718246	0.54375	0.06666666666666667	0.15	NA	2	NA
6	rank	GloVe (rank 5)	all	120	7140	0.8338727776646085	0.6377314814814815	0.06666666666666667	0.15	NA	5	NA
6	rank	GloVe (rank 5)	I	40	780	0.8245151942813822	0.6395833333333333	0.06666666666666667	0.15	NA	5	NA
6	rank	GloVe (rank 10)	all	120	7140	0.8285284519780827	0.619212962962963	0.06666666666666667	0.15	NA	10	NA
6	rank	GloVe (rank 10)	I	40	780	0.8117195149095454	0.5979166666666667	0.06666666666666667	0.15	NA	10	NA
6	rank	GloVe (rank 25)	all	120	7140	0.8025891290849434	0.5997685185185185	0.06666666666666667	0.15	NA	25	NA
6	rank	GloVe (rank 25)	I	40	780	0.7885758930040504	0.60625	0.06666666666666667	0.15	NA	25	NA
6	rank	GloVe (rank 100)	all	120	7140	0.7532569256541553	0.5585648148148148	0.06666666666666667	0.15	NA	100	NA
6	rank	GloVe (rank 100)	I	40	780	0.7256084528550125	0.5541666666666666	0.06666666666666667	0.15	NA	100	NA
6	size	GloVe (rank 50)	all	120	7140	0.782698036811598	0.475462962962963	0.06666666666666667	0.15	NA	NA	1000
6	size	GloVe (rank 50)	I	40	780	0.7492649108514445	0.4145833333333333	0.06666666666666667	0.15	NA	NA	1000
6	size	GloVe (rank 50)	all	120	7140	0.8201227396593006	0.6219907407407408	0.06666666666666667	0.15	NA	NA	5000
6	size	GloVe (rank 50)	I	40	780	0.8113826941122209	0.575	0.06666666666666667	0.15	NA	NA	5000
6	size	GloVe (rank 50)	all	120	7140	0.8140233335013555	0.6525462962962962	0.06666666666666667	0.15	NA	NA	10000
6	size	GloVe (rank 50)	I	40	780	0.8013835247357831	0.6916666666666667	0.06666666666666667	0.15	NA	NA	10000
6	size	GloVe (rank 50)	all	120	7140	0.806706188452239	0.6483796296296296	0.06666666666666667	0.15	NA	NA	20000
6	size	GloVe (rank 50)	I	40	780	0.7953125877966926	0.6708333333333333	0.06666666666666667	0.15	NA	NA	20000
6	size	GloVe (rank 50)	all	120	7140	0.8018582302678531	0.637962962962963	0.06666666666666667	0.15	NA	NA	40000
6	size	GloVe (rank 50)	I	40	780	0.7960083596356456	0.6916666666666667	0.06666666666666667	0.15	NA	NA	40000
7	main	GloVe (rank 50)	all	120	7140	0.7987306371062797	0.5997685185185185	0.06666666666666667	0.15	5	50	80000
7	main	GloVe (rank 50)	I	40	780	0.7913232373535993	0.6541666666666667	0.06666666666666667	0.15	5	50	80000
7	main	Raw co-occurrence counts	all	120	7140	0.8985787121299242	0.40879629629629627	0.06666666666666667	NA	NA	NA	NA
7	main	Raw co-occurrence counts	I	40	780	0.8951401552532284	0.43333333333333335	0.06666666666666667	NA	NA	NA	NA
7	main	PPMI	all	120	7140	0.8092132898837795	0.5071759259259259	0.06666666666666667	NA	NA	NA	NA
7	main	PPMI	I	40	780	0.800906539716623	0.5041666666666667	0.06666666666666667	NA	NA	NA	NA
7	main	SVD of PPMI (rank 50)	all	120	7140	0.6577470937929978	0.28541666666666665	0.06666666666666667	NA	NA	NA	NA
7	main	SVD of PPMI (rank 50)	I	40	780	0.6426359816455437	0.32083333333333336	0.06666666666666667	NA	NA	NA	NA
7	main	word2vec skip-gram (dim 50)	all	120	7140	0.8081806815912538	0.40694444444444444	0.06666666666666667	NA	NA	NA	NA
7	main	word2vec skip-gram (dim 50)	I	40	780	0.7992382218949317	0.40208333333333335	0.06666666666666667	NA	NA	NA	NA
7	control	GloVe, tokens shuffled across corpus	all	120	7140	-0.04738220558192011	0.09768518518518518	0.06666666666666667	0.15	NA	NA	NA
7	control	GloVe, tokens shuffled across corpus	I	40	780	-0.07642270473469179	0.12708333333333335	0.06666666666666667	0.15	NA	NA	NA
7	control	GloVe, tokens shuffled within lists	all	120	7140	0.1480443383400159	0.39421296296296293	0.06666666666666667	0.15	NA	NA	NA
7	control	GloVe, tokens shuffled within lists	I	40	780	0.10844552313737399	0.4354166666666667	0.06666666666666667	0.15	NA	NA	NA
7	window	GloVe (rank 50)	all	120	7140	0.9297721598426837	0.7631944444444444	0.06666666666666667	0.15	1	NA	NA
7	window	GloVe (rank 50)	I	40	780	0.9272184893890438	0.7708333333333334	0.06666666666666667	0.15	1	NA	NA
7	window	GloVe (rank 50)	all	120	7140	0.8951163732965267	0.6747685185185185	0.06666666666666667	0.15	2	NA	NA
7	window	GloVe (rank 50)	I	40	780	0.8918632313690283	0.6770833333333334	0.06666666666666667	0.15	2	NA	NA
7	window	GloVe (rank 50)	all	120	7140	0.7176394600197034	0.5983796296296297	0.06666666666666667	0.15	10	NA	NA
7	window	GloVe (rank 50)	I	40	780	0.707845142028571	0.53125	0.06666666666666667	0.15	10	NA	NA
7	rank	GloVe (rank 2)	all	120	7140	0.9026328073963874	0.5030092592592592	0.06666666666666667	0.15	NA	2	NA
7	rank	GloVe (rank 2)	I	40	780	0.8980732745115749	0.4354166666666667	0.06666666666666667	0.15	NA	2	NA
7	rank	GloVe (rank 5)	all	120	7140	0.8405021341083111	0.6212962962962962	0.06666666666666667	0.15	NA	5	NA
7	rank	GloVe (rank 5)	I	40	780	0.8374009789835486	0.6145833333333334	0.06666666666666667	0.15	NA	5	NA
7	rank	GloVe (rank 10)	all	120	7140	0.8250115959433009	0.6215277777777778	0.06666666666666667	0.15	NA	10	NA
7	rank	GloVe (rank 10)	I	40	780	0.8219411528129135	0.6354166666666666	0.06666666666666667	0.15	NA	10	NA
7	rank	GloVe (rank 25)	all	120	7140	0.8229481763459886	0.6016203703703704	0.06666666666666667	0.15	NA	25	NA
7	rank	GloVe (rank 25)	I	40	780	0.8178670077911304	0.5770833333333333	0.06666666666666667	0.15	NA	25	NA
7	rank	GloVe (rank 100)	all	120	7140	0.8044085860016551	0.5895833333333333	0.06666666666666667	0.15	NA	100	NA
7	rank	GloVe (rank 100)	I	40	780	0.7981608110777499	0.7020833333333333	0.06666666666666667	0.15	NA	100	NA
7	size	GloVe (rank 50)	all	120	7140	0.7733594787992049	0.45370370370370366	0.06666666666666667	0.15	NA	NA	1000
7	size	GloVe (rank 50)	I	40	780	0.7846644927341921	0.56875	0.06666666666666667	0.15	NA	NA	1000
7	size	GloVe (rank 50)	all	120	7140	0.8107378972616158	0.5969907407407408	0.06666666666666667	0.15	NA	NA	5000
7	size	GloVe (rank 50)	I	40	780	0.8148824287436237	0.6749999999999999	0.06666666666666667	0.15	NA	NA	5000
7	size	GloVe (rank 50)	all	120	7140	0.8158660284996343	0.6391203703703704	0.06666666666666667	0.15	NA	NA	10000
7	size	GloVe (rank 50)	I	40	780	0.8052839486072639	0.7041666666666666	0.06666666666666667	0.15	NA	NA	10000
7	size	GloVe (rank 50)	all	120	7140	0.796478628264038	0.6571759259259259	0.06666666666666667	0.15	NA	NA	20000
7	size	GloVe (rank 50)	I	40	780	0.7949471472447069	0.6645833333333333	0.06666666666666667	0.15	NA	NA	20000
7	size	GloVe (rank 50)	all	120	7140	0.7935199451351874	0.6587962962962963	0.06666666666666667	0.15	NA	NA	40000
7	size	GloVe (rank 50)	I	40	780	0.7830431544805541	0.6541666666666667	0.06666666666666667	0.15	NA	NA	40000
8	main	GloVe (rank 50)	all	120	7140	0.7841146238974439	0.5939814814814814	0.06666666666666667	0.15	5	50	80000
8	main	GloVe (rank 50)	I	40	780	0.7736486629763963	0.6166666666666667	0.06666666666666667	0.15	5	50	80000
8	main	Raw co-occurrence counts	all	120	7140	0.895306303102779	0.39699074074074076	0.06666666666666667	NA	NA	NA	NA
8	main	Raw co-occurrence counts	I	40	780	0.8909194639057636	0.36666666666666664	0.06666666666666667	NA	NA	NA	NA
8	main	PPMI	all	120	7140	0.8029429435682924	0.4979166666666666	0.06666666666666667	NA	NA	NA	NA
8	main	PPMI	I	40	780	0.7960876630223926	0.5083333333333333	0.06666666666666667	NA	NA	NA	NA
8	main	SVD of PPMI (rank 50)	all	120	7140	0.6595134684467513	0.2939814814814815	0.06666666666666667	NA	NA	NA	NA
8	main	SVD of PPMI (rank 50)	I	40	780	0.6376650927609353	0.32291666666666663	0.06666666666666667	NA	NA	NA	NA
8	main	word2vec skip-gram (dim 50)	all	120	7140	0.797557741465998	0.39143518518518516	0.06666666666666667	NA	NA	NA	NA
8	main	word2vec skip-gram (dim 50)	I	40	780	0.7884581438805784	0.35416666666666663	0.06666666666666667	NA	NA	NA	NA
8	control	GloVe, tokens shuffled across corpus	all	120	7140	-0.04101395603427254	0.07291666666666667	0.06666666666666667	0.15	NA	NA	NA
8	control	GloVe, tokens shuffled across corpus	I	40	780	-0.03825879423700746	0.03958333333333334	0.06666666666666667	0.15	NA	NA	NA
8	control	GloVe, tokens shuffled within lists	all	120	7140	0.11921725814861817	0.3673611111111111	0.06666666666666667	0.15	NA	NA	NA
8	control	GloVe, tokens shuffled within lists	I	40	780	0.08769384349077583	0.36875	0.06666666666666667	0.15	NA	NA	NA
8	window	GloVe (rank 50)	all	120	7140	0.9309155219925846	0.7652777777777778	0.06666666666666667	0.15	1	NA	NA
8	window	GloVe (rank 50)	I	40	780	0.928210484561115	0.725	0.06666666666666667	0.15	1	NA	NA
8	window	GloVe (rank 50)	all	120	7140	0.8957702780434678	0.6680555555555555	0.06666666666666667	0.15	2	NA	NA
8	window	GloVe (rank 50)	I	40	780	0.8905497899622561	0.66875	0.06666666666666667	0.15	2	NA	NA
8	window	GloVe (rank 50)	all	120	7140	0.6858264588924577	0.5726851851851852	0.06666666666666667	0.15	10	NA	NA
8	window	GloVe (rank 50)	I	40	780	0.6665249973295392	0.5958333333333333	0.06666666666666667	0.15	10	NA	NA
8	rank	GloVe (rank 2)	all	120	7140	0.8702731436026592	0.44305555555555554	0.06666666666666667	0.15	NA	2	NA
8	rank	GloVe (rank 2)	I	40	780	0.8661695234141561	0.43333333333333335	0.06666666666666667	0.15	NA	2	NA
8	rank	GloVe (rank 5)	all	120	7140	0.8370388732145797	0.6458333333333334	0.06666666666666667	0.15	NA	5	NA
8	rank	GloVe (rank 5)	I	40	780	0.8284139704256238	0.65625	0.06666666666666667	0.15	NA	5	NA
8	rank	GloVe (rank 10)	all	120	7140	0.8222488004231869	0.6141203703703704	0.06666666666666667	0.15	NA	10	NA
8	rank	GloVe (rank 10)	I	40	780	0.8149877692135028	0.625	0.06666666666666667	0.15	NA	10	NA
8	rank	GloVe (rank 25)	all	120	7140	0.8119389633271714	0.6104166666666666	0.06666666666666667	0.15	NA	25	NA
8	rank	GloVe (rank 25)	I	40	780	0.7992983639391593	0.6291666666666667	0.06666666666666667	0.15	NA	25	NA
8	rank	GloVe (rank 100)	all	120	7140	0.7768909345852374	0.5895833333333333	0.06666666666666667	0.15	NA	100	NA
8	rank	GloVe (rank 100)	I	40	780	0.7586298826883722	0.6479166666666667	0.06666666666666667	0.15	NA	100	NA
8	size	GloVe (rank 50)	all	120	7140	0.7872353132549486	0.4798611111111111	0.06666666666666667	0.15	NA	NA	1000
8	size	GloVe (rank 50)	I	40	780	0.739466117782108	0.54375	0.06666666666666667	0.15	NA	NA	1000
8	size	GloVe (rank 50)	all	120	7140	0.8387704614296744	0.6171296296296296	0.06666666666666667	0.15	NA	NA	5000
8	size	GloVe (rank 50)	I	40	780	0.8266205840985723	0.5916666666666667	0.06666666666666667	0.15	NA	NA	5000
8	size	GloVe (rank 50)	all	120	7140	0.7978541322632163	0.637962962962963	0.06666666666666667	0.15	NA	NA	10000
8	size	GloVe (rank 50)	I	40	780	0.7752652228210412	0.5833333333333334	0.06666666666666667	0.15	NA	NA	10000
8	size	GloVe (rank 50)	all	120	7140	0.7854230031236923	0.6224537037037037	0.06666666666666667	0.15	NA	NA	20000
8	size	GloVe (rank 50)	I	40	780	0.7566490990749337	0.6083333333333333	0.06666666666666667	0.15	NA	NA	20000
8	size	GloVe (rank 50)	all	120	7140	0.7802006684679728	0.625	0.06666666666666667	0.15	NA	NA	40000
8	size	GloVe (rank 50)	I	40	780	0.7735078710212265	0.6229166666666667	0.06666666666666667	0.15	NA	NA	40000
9	main	GloVe (rank 50)	all	120	7140	0.8040719635439789	0.6111111111111112	0.06666666666666667	0.15	5	50	80000
9	main	GloVe (rank 50)	I	40	780	0.7919840140009586	0.6270833333333333	0.06666666666666667	0.15	5	50	80000
9	main	Raw co-occurrence counts	all	120	7140	0.8979804225112782	0.4048611111111111	0.06666666666666667	NA	NA	NA	NA
9	main	Raw co-occurrence counts	I	40	780	0.8906517716035323	0.4125	0.06666666666666667	NA	NA	NA	NA
9	main	PPMI	all	120	7140	0.8051231601511485	0.5120370370370371	0.06666666666666667	NA	NA	NA	NA
9	main	PPMI	I	40	780	0.7879586196662735	0.50625	0.06666666666666667	NA	NA	NA	NA
9	main	SVD of PPMI (rank 50)	all	120	7140	0.6616391033240454	0.2740740740740741	0.06666666666666667	NA	NA	NA	NA
9	main	SVD of PPMI (rank 50)	I	40	780	0.6372557466154397	0.325	0.06666666666666667	NA	NA	NA	NA
9	main	word2vec skip-gram (dim 50)	all	120	7140	0.8003142672534221	0.39282407407407405	0.06666666666666667	NA	NA	NA	NA
9	main	word2vec skip-gram (dim 50)	I	40	780	0.7858439358919498	0.3645833333333333	0.06666666666666667	NA	NA	NA	NA
9	control	GloVe, tokens shuffled across corpus	all	120	7140	-0.05369556453389823	0.06921296296296296	0.06666666666666667	0.15	NA	NA	NA
9	control	GloVe, tokens shuffled across corpus	I	40	780	-0.1103948224857204	0.043750000000000004	0.06666666666666667	0.15	NA	NA	NA
9	control	GloVe, tokens shuffled within lists	all	120	7140	0.13182304862386815	0.4023148148148148	0.06666666666666667	0.15	NA	NA	NA
9	control	GloVe, tokens shuffled within lists	I	40	780	0.08576848688669625	0.36666666666666664	0.06666666666666667	0.15	NA	NA	NA
9	window	GloVe (rank 50)	all	120	7140	0.9364667472717064	0.7622685185185185	0.06666666666666667	0.15	1	NA	NA
9	window	GloVe (rank 50)	I	40	780	0.9334191911856272	0.78125	0.06666666666666667	0.15	1	NA	NA
9	window	GloVe (rank 50)	all	120	7140	0.9052460295328757	0.69375	0.06666666666666667	0.15	2	NA	NA
9	window	GloVe (rank 50)	I	40	780	0.9020168308122458	0.65	0.06666666666666667	0.15	2	NA	NA
9	window	GloVe (rank 50)	all	120	7140	0.7245080196432404	0.5833333333333334	0.06666666666666667	0.15	10	NA	NA
9	window	GloVe (rank 50)	I	40	780	0.7040140747990319	0.5791666666666666	0.06666666666666667	0.15	10	NA	NA
9	rank	GloVe (rank 2)	all	120	7140	0.9016526661342352	0.49560185185185185	0.06666666666666667	0.15	NA	2	NA
9	rank	GloVe (rank 2)	I	40	780	0.8913965189659618	0.5166666666666666	0.06666666666666667	0.15	NA	2	NA
9	rank	GloVe (rank 5)	all	120	7140	0.8350163403162862	0.6611111111111111	0.06666666666666667	0.15	NA	5	NA
9	rank	GloVe (rank 5)	I	40	780	0.8205973678752915	0.65625	0.06666666666666667	0.15	NA	5	NA
9	rank	GloVe (rank 10)	all	120	7140	0.8257107394922264	0.6094907407407407	0.06666666666666667	0.15	NA	10	NA
9	rank	GloVe (rank 10)	I	40	780	0.8009215146927605	0.5833333333333334	0.06666666666666667	0.15	NA	10	NA
9	rank	GloVe (rank 25)	all	120	7140	0.800738174355253	0.5900462962962962	0.06666666666666667	0.15	NA	25	NA
9	rank	GloVe (rank 25)	I	40	780	0.7901393833567707	0.5791666666666666	0.06666666666666667	0.15	NA	25	NA
9	rank	GloVe (rank 100)	all	120	7140	0.7831849098482703	0.5879629629629629	0.06666666666666667	0.15	NA	100	NA
9	rank	GloVe (rank 100)	I	40	780	0.7561908407800865	0.6270833333333333	0.06666666666666667	0.15	NA	100	NA
9	size	GloVe (rank 50)	all	120	7140	0.7757752249266018	0.4618055555555556	0.06666666666666667	0.15	NA	NA	1000
9	size	GloVe (rank 50)	I	40	780	0.7724789160596995	0.41666666666666663	0.06666666666666667	0.15	NA	NA	1000
9	size	GloVe (rank 50)	all	120	7140	0.8326502047722584	0.6233796296296296	0.06666666666666667	0.15	NA	NA	5000
9	size	GloVe (rank 50)	I	40	780	0.8338251320285235	0.6583333333333333	0.06666666666666667	0.15	NA	NA	5000
9	size	GloVe (rank 50)	all	120	7140	0.8112035075929397	0.643287037037037	0.06666666666666667	0.15	NA	NA	10000
9	size	GloVe (rank 50)	I	40	780	0.795571623193506	0.6	0.06666666666666667	0.15	NA	NA	10000
9	size	GloVe (rank 50)	all	120	7140	0.7876449680758513	0.6335648148148149	0.06666666666666667	0.15	NA	NA	20000
9	size	GloVe (rank 50)	I	40	780	0.7680541853807329	0.6	0.06666666666666667	0.15	NA	NA	20000
9	size	GloVe (rank 50)	all	120	7140	0.801236996851706	0.6219907407407407	0.06666666666666667	0.15	NA	NA	40000
9	size	GloVe (rank 50)	I	40	780	0.7954843570239576	0.6333333333333333	0.06666666666666667	0.15	NA	NA	40000
10	main	GloVe (rank 50)	all	120	7140	0.8022996042219899	0.6344907407407407	0.06666666666666667	0.15	5	50	80000
10	main	GloVe (rank 50)	I	40	780	0.7857046395661201	0.6395833333333333	0.06666666666666667	0.15	5	50	80000
10	main	Raw co-occurrence counts	all	120	7140	0.8975882030671243	0.40023148148148147	0.06666666666666667	NA	NA	NA	NA
10	main	Raw co-occurrence counts	I	40	780	0.8926679560029617	0.3854166666666667	0.06666666666666667	NA	NA	NA	NA
10	main	PPMI	all	120	7140	0.7987009564486484	0.4979166666666667	0.06666666666666667	NA	NA	NA	NA
10	main	PPMI	I	40	780	0.7817022794968069	0.47916666666666663	0.06666666666666667	NA	NA	NA	NA
10	main	SVD of PPMI (rank 50)	all	120	7140	0.6555843909700539	0.28148148148148144	0.06666666666666667	NA	NA	NA	NA
10	main	SVD of PPMI (rank 50)	I	40	780	0.6374453239717122	0.26666666666666666	0.06666666666666667	NA	NA	NA	NA
10	main	word2vec skip-gram (dim 50)	all	120	7140	0.807135167332016	0.41504629629629625	0.06666666666666667	NA	NA	NA	NA
10	main	word2vec skip-gram (dim 50)	I	40	780	0.7995562839513803	0.44166666666666665	0.06666666666666667	NA	NA	NA	NA
10	control	GloVe, tokens shuffled across corpus	all	120	7140	-0.0322110727448888	0.07222222222222223	0.06666666666666667	0.15	NA	NA	NA
10	control	GloVe, tokens shuffled across corpus	I	40	780	0.029596083749390104	0.05624999999999999	0.06666666666666667	0.15	NA	NA	NA
10	control	GloVe, tokens shuffled within lists	all	120	7140	0.14310339908003358	0.38587962962962963	0.06666666666666667	0.15	NA	NA	NA
10	control	GloVe, tokens shuffled within lists	I	40	780	0.08777515249261364	0.36875	0.06666666666666667	0.15	NA	NA	NA
10	window	GloVe (rank 50)	all	120	7140	0.9336438400301766	0.7777777777777778	0.06666666666666667	0.15	1	NA	NA
10	window	GloVe (rank 50)	I	40	780	0.9313920810871198	0.775	0.06666666666666667	0.15	1	NA	NA
10	window	GloVe (rank 50)	all	120	7140	0.9019659471119001	0.7094907407407407	0.06666666666666667	0.15	2	NA	NA
10	window	GloVe (rank 50)	I	40	780	0.8943670543074612	0.75	0.06666666666666667	0.15	2	NA	NA
10	window	GloVe (rank 50)	all	120	7140	0.7223255415952489	0.5844907407407407	0.06666666666666667	0.15	10	NA	NA
10	window	GloVe (rank 50)	I	40	780	0.6996719586288693	0.6083333333333333	0.06666666666666667	0.15	10	NA	NA
10	rank	GloVe (rank 2)	all	120	7140	0.9047472778192501	0.48518518518518516	0.06666666666666667	0.15	NA	2	NA
10	rank	GloVe (rank 2)	I	40	780	0.8984111473193677	0.46458333333333335	0.06666666666666667	0.15	NA	2	NA
10	rank	GloVe (rank 5)	all	120	7140	0.8423942382463939	0.6872685185185184	0.06666666666666667	0.15	NA	5	NA
10	rank	GloVe (rank 5)	I	40	780	0.8348812998391456	0.6875	0.06666666666666667	0.15	NA	5	NA
10	rank	GloVe (rank 10)	all	120	7140	0.8260849291424978	0.6284722222222222	0.06666666666666667	0.15	NA	10	NA
10	rank	GloVe (rank 10)	I	40	780	0.8113648859832134	0.5833333333333333	0.06666666666666667	0.15	NA	10	NA
10	rank	GloVe (rank 25)	all	120	7140	0.8149376870821543	0.5960648148148149	0.06666666666666667	0.15	NA	25	NA
10	rank	GloVe (rank 25)	I	40	780	0.8037876728510744	0.6229166666666667	0.06666666666666667	0.15	NA	25	NA
10	rank	GloVe (rank 100)	all	120	7140	0.7821641329480383	0.5974537037037038	0.06666666666666667	0.15	NA	100	NA
10	rank	GloVe (rank 100)	I	40	780	0.7786484758114637	0.6520833333333333	0.06666666666666667	0.15	NA	100	NA
10	size	GloVe (rank 50)	all	120	7140	0.7743312736854201	0.5016203703703703	0.06666666666666667	0.15	NA	NA	1000
10	size	GloVe (rank 50)	I	40	780	0.77492482772309	0.5333333333333333	0.06666666666666667	0.15	NA	NA	1000
10	size	GloVe (rank 50)	all	120	7140	0.8131205029484995	0.5935185185185186	0.06666666666666667	0.15	NA	NA	5000
10	size	GloVe (rank 50)	I	40	780	0.8171174186455827	0.6645833333333333	0.06666666666666667	0.15	NA	NA	5000
10	size	GloVe (rank 50)	all	120	7140	0.8005827943013843	0.6331018518518519	0.06666666666666667	0.15	NA	NA	10000
10	size	GloVe (rank 50)	I	40	780	0.7823417169948632	0.6833333333333333	0.06666666666666667	0.15	NA	NA	10000
10	size	GloVe (rank 50)	all	120	7140	0.7948796282802054	0.6548611111111111	0.06666666666666667	0.15	NA	NA	20000
10	size	GloVe (rank 50)	I	40	780	0.7944213574827056	0.66875	0.06666666666666667	0.15	NA	NA	20000
10	size	GloVe (rank 50)	all	120	7140	0.8007060583821614	0.6458333333333333	0.06666666666666667	0.15	NA	NA	40000
10	size	GloVe (rank 50)	I	40	780	0.7911565507311256	0.6166666666666667	0.06666666666666667	0.15	NA	NA	40000
