condition	representation	set	window	rank	n_lists	spearman_rho.mean	spearman_rho.sd	neighbour_precision.mean	neighbour_precision.sd
control	GloVe, tokens shuffled across corpus	all	NA	NA	NA	-0.041	0.01	0.087	0.015
control	GloVe, tokens shuffled within lists	all	NA	NA	NA	0.138	0.009	0.395	0.021
main	PPMI	all	NA	NA	NA	0.805	0.003	0.502	0.008
main	Raw co-occurrence counts	all	NA	NA	NA	0.897	0.001	0.402	0.006
main	SVD of PPMI (rank 50)	all	NA	NA	NA	0.658	0.002	0.285	0.009
main	word2vec skip-gram (dim 50)	all	NA	NA	NA	0.803	0.005	0.405	0.009
control	GloVe, tokens shuffled across corpus	I	NA	NA	NA	-0.041	0.046	0.076	0.033
control	GloVe, tokens shuffled within lists	I	NA	NA	NA	0.099	0.011	0.38	0.038
main	PPMI	I	NA	NA	NA	0.793	0.006	0.507	0.016
main	Raw co-occurrence counts	I	NA	NA	NA	0.892	0.002	0.396	0.021
main	SVD of PPMI (rank 50)	I	NA	NA	NA	0.643	0.006	0.298	0.033
main	word2vec skip-gram (dim 50)	I	NA	NA	NA	0.79	0.006	0.404	0.033
window	GloVe (rank 50)	all	1	NA	NA	0.933	0.002	0.769	0.009
window	GloVe (rank 50)	I	1	NA	NA	0.929	0.004	0.752	0.031
window	GloVe (rank 50)	all	2	NA	NA	0.901	0.004	0.695	0.021
window	GloVe (rank 50)	I	2	NA	NA	0.895	0.006	0.696	0.04
window	GloVe (rank 50)	all	10	NA	NA	0.714	0.014	0.586	0.014
window	GloVe (rank 50)	I	10	NA	NA	0.694	0.018	0.575	0.039
rank	GloVe (rank 2)	all	NA	2	NA	0.9	0.013	0.486	0.018
rank	GloVe (rank 2)	I	NA	2	NA	0.895	0.013	0.491	0.041
rank	GloVe (rank 5)	all	NA	5	NA	0.835	0.008	0.641	0.025
rank	GloVe (rank 5)	I	NA	5	NA	0.825	0.012	0.635	0.041
rank	GloVe (rank 10)	all	NA	10	NA	0.824	0.005	0.617	0.009
rank	GloVe (rank 10)	I	NA	10	NA	0.812	0.009	0.606	0.017
rank	GloVe (rank 25)	all	NA	25	NA	0.808	0.008	0.593	0.014
rank	GloVe (rank 25)	I	NA	25	NA	0.797	0.01	0.594	0.021
rank	GloVe (rank 100)	all	NA	100	NA	0.782	0.013	0.584	0.015
rank	GloVe (rank 100)	I	NA	100	NA	0.764	0.021	0.598	0.064
size	GloVe (rank 50)	all	NA	NA	1000	0.777	0.008	0.479	0.018
size	GloVe (rank 50)	I	NA	NA	1000	0.77	0.026	0.509	0.063
size	GloVe (rank 50)	all	NA	NA	5000	0.826	0.011	0.608	0.014
size	GloVe (rank 50)	I	NA	NA	5000	0.818	0.013	0.645	0.042
size	GloVe (rank 50)	all	NA	NA	10000	0.809	0.007	0.637	0.009
size	GloVe (rank 50)	I	NA	NA	10000	0.794	0.012	0.646	0.049
size	GloVe (rank 50)	all	NA	NA	20000	0.796	0.006	0.641	0.012
size	GloVe (rank 50)	I	NA	NA	20000	0.78	0.013	0.654	0.034
size	GloVe (rank 50)	all	NA	NA	40000	0.796	0.007	0.632	0.013
size	GloVe (rank 50)	I	NA	NA	40000	0.789	0.009	0.652	0.04
main	GloVe (rank 50)	all	5	50	80000	0.8	0.007	0.615	0.015
main	GloVe (rank 50)	I	5	50	80000	0.787	0.01	0.628	0.033
