seed	n_items	n_pairs	spearman_rho	neighbour_precision	neighbour_precision_chance	trustworthiness_k5
1	40	780	0.9502787616458896	0.6625	0.06666666666666667	0.969609375
2	40	780	0.9225468657955332	0.5416666666666667	0.06666666666666667	0.95921875
3	40	780	0.9469923696674771	0.6291666666666667	0.06666666666666667	0.970390625
4	40	780	0.9315284875528687	0.6	0.06666666666666667	0.9734375
5	40	780	0.9399619991815253	0.65625	0.06666666666666667	0.960078125
6	40	780	0.9246528640043195	0.5583333333333332	0.06666666666666667	0.961328125
7	40	780	0.8499852422757822	0.625	0.06666666666666667	0.96140625
8	40	780	0.9175265070692766	0.625	0.06666666666666667	0.959296875
9	40	780	0.9217830808460795	0.575	0.06666666666666667	0.96140625
10	40	780	0.9071168001138015	0.6145833333333334	0.06666666666666667	0.956953125
