graph_distance	cosine.n	cosine.median	cosine.q25.25.	cosine.q75.75.	cosine.min	cosine.max
0	120	0.9465109106457806	0.9342008976951889	0.9594865892743977	0.8856868181379386	0.9843409187764087
1	468	0.8871752506687017	0.8580066015115075	0.9134297828033573	0.6884227786514121	0.9641429431387821
2	657	0.8191200737190513	0.7346763122072777	0.8852169966412285	0.40356577334177995	0.9646592852602158
3	666	0.7568536019221821	0.6002973848914515	0.8416095665027967	0.28785587604011065	0.9392499769256493
4	621	0.7352301296145002	0.6046500025208663	0.8104158880160799	0.07631437816398366	0.9210345834908957
5	576	0.6867422713555578	0.571397086339165	0.7501130541527194	0.0014645045340682817	0.9146760426134526
6	540	0.6376911798323168	0.5370056526019822	0.6918467131370548	0.04044943699642315	0.8814475482630759
7	504	0.5979973244147978	0.50386631271419	0.6606475782028989	0.19454708376129418	0.8506046982406268
8	468	0.5719679871008105	0.46167917122267477	0.6321439347511576	0.12486528976707541	0.7822417303628463
9	423	0.5212012986131992	0.4228630758384101	0.6233014122097261	0.1511395937783211	0.7457821423279186
10	360	0.4862434116201235	0.3983763008837231	0.6065037215892375	0.05977640994842278	0.7406533223588401
11	306	0.4970485638877581	0.3455519339986316	0.5748669727582746	0.04824869304905336	0.7248979915858296
12	279	0.45762879034577353	0.32022410428004205	0.5336954017415847	0.04534774621831816	0.7083167015312015
13	234	0.4228291825471655	0.3393052765154836	0.48885383164342644	0.1315481169772672	0.7069749752569185
14	198	0.3975926898292244	0.3322310048709591	0.46471986988085867	0.21063662362470667	0.6505782023992817
15	180	0.36577276146512183	0.29555752544732716	0.43151896095143205	0.15882157246425366	0.6062349960185375
16	144	0.3320001404659695	0.26932634960369384	0.38659415665353936	0.16445531828351423	0.5488470762004727
17	135	0.246147321541701	0.14591347019074977	0.3414217196200642	0.03949413110892963	0.48347372415189127
18	126	0.1215737600564972	0.030539663948399	0.2282195062989889	-0.10787959045604041	0.4815680746722267
19	72	0.09216523609774363	0.022391638078560285	0.18508853304638634	-0.05657460086614009	0.4217289200725214
20	36	0.12069843035680836	0.04847078663486994	0.2111465124384403	-0.012112229404706113	0.3355188603253611
21	27	0.0805742306056163	0.03523036652244659	0.14091952325908202	-0.05603204216201008	0.2549905217462297
