set	item	precision
I	Spinach_I	1
I	Onion_I	0.667
I	Eggplant_I	0.667
I	Coffee_I	1
I	Grapes_I	1
I	Oranges_I	1
I	Cucumbers_I	0.333
I	Tomatoes_I	0.333
I	Kiwi_I	0.667
I	BitterLemon_I	0.75
I	Grapefruit_I	0.667
I	Zucchini_I	0.5
I	ShoppingBag_I	0
I	Peppers_I	0.5
I	Cassis_I	1
I	Cola_I	0.667
I	Lime_I	0.25
I	Apples_I	0
I	Pineapples_I	0.667
I	Mangoes_I	0.333
I	Bananas_I	0.333
I	Pringles_I	0
I	Twix_I	0
I	Lemonade_I	0.333
I	Cauliflower_I	0.333
I	Popcorn_I	0.5
I	Watermelons_I	1
I	Sodawater_I	0.667
I	Strawberries_I	0.333
I	PotatoChips_I	1
I	MixedNuts_I	0.333
I	Tea_I	1
I	GummyBears_I	0.5
I	Crackers_I	0.5
I	ChocolateBar_I	0.5
I	ChewingGum_I	0.5
I	Snacks_I	0.75
I	Snickers_I	1
I	CaramelBars_I	1
I	Sweets_I	0.5
II	Spinach_II	1
II	Onion_II	0.667
II	Eggplant_II	0.667
II	Coffee_II	1
II	Oranges_II	1
II	Grapes_II	1
II	Cucumbers_II	0.333
II	Tomatoes_II	0.333
II	Kiwi_II	0.667
II	Zucchini_II	0.5
II	Grapefruit_II	0.667
II	BitterLemon_II	0.75
II	ShoppingBag_II	1
II	Peppers_II	0.5
II	Cassis_II	0.667
II	Cola_II	0.667
II	Lime_II	0.75
II	Apples_II	1
II	Mangoes_II	0.333
II	Pineapples_II	0.333
II	Bananas_II	0.333
II	Lemonade_II	0.667
II	Twix_II	0
II	Pringles_II	0
II	Cauliflower_II	0.333
II	Popcorn_II	0.5
II	Watermelons_II	1
II	Sodawater_II	0.667
II	Strawberries_II	0.333
II	PotatoChips_II	1
II	Tea_II	0.667
II	MixedNuts_II	0.333
II	GummyBears_II	0.5
II	Crackers_II	1
II	ChocolateBar_II	0.5
II	ChewingGum_II	1
II	Snacks_II	1
II	Snickers_II	1
II	CaramelBars_II	0.667
II	Sweets_II	1
III	Spinach_III	1
III	Onion_III	0.667
III	Eggplant_III	0.667
III	Coffee_III	1
III	Oranges_III	1
III	Grapes_III	1
III	Cucumbers_III	0.667
III	Kiwi_III	0.667
III	Grapefruit_III	0.667
III	Tomatoes_III	0.667
III	BitterLemon_III	0.75
III	ShoppingBag_III	0
III	Zucchini_III	0.75
III	Cassis_III	1
III	Peppers_III	0.5
III	Cola_III	0.667
III	Lime_III	0.25
III	Apples_III	1
III	Pineapples_III	0.333
III	Mangoes_III	0
III	Lemonade_III	0.667
III	Pringles_III	0
III	Bananas_III	0.333
III	Twix_III	0
III	Cauliflower_III	0.333
III	Popcorn_III	0.5
III	Watermelons_III	1
III	Sodawater_III	0.667
III	Strawberries_III	0.333
III	PotatoChips_III	1
III	Tea_III	0.667
III	MixedNuts_III	0.333
III	GummyBears_III	1
III	Crackers_III	1
III	ChocolateBar_III	0.5
III	ChewingGum_III	0.5
III	Snacks_III	1
III	Snickers_III	1
III	CaramelBars_III	1
III	Sweets_III	1
all	Spinach_II	1
all	Spinach_III	1
all	Spinach_I	1
all	Onion_II	0.778
all	Onion_I	0.667
all	Onion_III	0.667
all	Eggplant_I	0.667
all	Eggplant_III	0.778
all	Eggplant_II	0.778
all	Coffee_II	1
all	Coffee_I	1
all	Coffee_III	1
all	Grapes_I	1
all	Oranges_III	1
all	Oranges_II	1
all	Grapes_II	1
all	Grapes_III	1
all	Oranges_I	1
all	Cucumbers_III	0.556
all	Cucumbers_I	0.444
all	Cucumbers_II	0.333
all	Tomatoes_II	0.556
all	Kiwi_III	0.667
all	Kiwi_II	0.556
all	Grapefruit_III	0.667
all	Tomatoes_I	0.333
all	Zucchini_II	0.583
all	Kiwi_I	0.556
all	BitterLemon_I	0.75
all	Tomatoes_III	0.444
all	Grapefruit_II	0.556
all	Grapefruit_I	0.444
all	BitterLemon_III	0.75
all	Zucchini_I	0.583
all	ShoppingBag_III	0
all	BitterLemon_II	0.667
all	ShoppingBag_I	0
all	Zucchini_III	0.75
all	ShoppingBag_II	0
all	Peppers_II	0.417
all	Peppers_I	0.333
all	Cassis_I	0.889
all	Cassis_III	0.778
all	Cassis_II	0.667
all	Peppers_III	0.5
all	Cola_III	0.667
all	Cola_I	0.667
all	Cola_II	0.667
all	Lime_II	0.333
all	Lime_III	0.5
all	Lime_I	0.333
all	Apples_III	0.667
all	Apples_II	0.667
all	Apples_I	0.333
all	Pineapples_III	0.556
all	Pineapples_I	0.222
all	Mangoes_II	0.444
all	Mangoes_I	0.333
all	Mangoes_III	0.222
all	Pineapples_II	0.222
all	Bananas_I	0.222
all	Bananas_II	0.333
all	Lemonade_III	0.667
all	Pringles_III	0.333
all	Pringles_I	0.333
all	Bananas_III	0.333
all	Lemonade_II	0.556
all	Twix_III	0
all	Twix_II	0.333
all	Twix_I	0
all	Lemonade_I	0.556
all	Pringles_II	0.333
all	Cauliflower_III	0.444
all	Cauliflower_I	0.333
all	Cauliflower_II	0.333
all	Popcorn_II	0.5
all	Popcorn_I	0.5
all	Popcorn_III	0.5
all	Watermelons_III	0.833
all	Watermelons_I	1
all	Watermelons_II	1
all	Sodawater_III	0.667
all	Sodawater_I	0.667
all	Sodawater_II	0.667
all	Strawberries_I	0.333
all	Strawberries_III	0.222
all	PotatoChips_III	0.833
all	Strawberries_II	0.333
all	PotatoChips_I	1
all	PotatoChips_II	1
all	MixedNuts_I	0.333
all	Tea_II	0.778
all	Tea_I	0.778
all	MixedNuts_II	0.444
all	Tea_III	0.667
all	MixedNuts_III	0.333
all	GummyBears_II	0.833
all	GummyBears_III	0.667
all	GummyBears_I	0.333
all	Crackers_I	0.667
all	Crackers_II	0.833
all	Crackers_III	0.667
all	ChocolateBar_I	0.5
all	ChocolateBar_II	0.5
all	ChewingGum_I	0.5
all	ChocolateBar_III	0.667
all	ChewingGum_III	0.5
all	ChewingGum_II	0.5
all	Snacks_II	1
all	Snacks_I	0.917
all	Snacks_III	0.917
all	Snickers_I	0.833
all	Snickers_II	0.833
all	Snickers_III	0.833
all	CaramelBars_I	0.778
all	CaramelBars_III	0.778
all	CaramelBars_II	0.889
all	Sweets_I	0.833
all	Sweets_II	0.833
all	Sweets_III	0.833
