label	frequency	shelf_number	section
Apples	14365	1	fruits
Bananas	15544	2	fruits
Grapefruit	10079	3	fruits
Grapes	6898	4	fruits
Kiwi	9890	5	fruits
Lime	13303	6	fruits
Mangoes	15110	7	fruits
Oranges	6929	8	fruits
Pineapples	14936	9	fruits
Strawberries	24196	10	fruits
Watermelons	19015	11	fruits
Cauliflower	17016	12	vegetables
Cucumbers	8948	13	vegetables
Eggplant	5346	14	vegetables
Onion	3805	15	vegetables
Spinach	3372	16	vegetables
Tomatoes	9839	17	vegetables
Peppers	11087	18	vegetables
Zucchini	10295	19	vegetables
BitterLemon	10255	20	beverages
Cassis	11210	21	beverages
Coffee	6330	22	beverages
Cola	12216	23	beverages
Lemonade	15887	24	beverages
Sodawater	19557	25	beverages
Tea	27515	26	beverages
CaramelBars	61023	27	extras
ChewingGum	33500	28	extras
ChocolateBar	32982	29	extras
Crackers	31934	30	extras
GummyBears	28950	31	extras
MixedNuts	27668	32	extras
Popcorn	17717	33	extras
PotatoChips	24436	34	extras
Snickers	58038	35	extras
Sweets	88552	36	extras
Snacks	34257	37	extras
Twix	16034	38	extras
Pringles	15827	39	extras
ShoppingBag	10561	40	extras
