from	H1	H2	H3	H4	H5	H6	H7	H8	H9	H10	H11	H12	H13	H14	H15	H16	H17	H18	H19	H20	H21	H22	H23	H24	H25	H26	H27	H28	H29	H30	H31	H32	H33	H34	H35	H36	H37	H38	H39	H40	H41
H1	0.0909	0.9091	0	0	0	0	0	0	0	0	0	0	0	0	0	0	0	0	0	0	0	0	0	0	0	0	0	0	0	0	0	0	0	0	0	0	0	0	0	0	0
H2	0	0.0476	0.4762	0	0.4762	0	0	0	0	0	0	0	0	0	0	0	0	0	0	0	0	0	0	0	0	0	0	0	0	0	0	0	0	0	0	0	0	0	0	0	0
H3	0	0.087	0.0435	0.4348	0	0.4348	0	0	0	0	0	0	0	0	0	0	0	0	0	0	0	0	0	0	0	0	0	0	0	0	0	0	0	0	0	0	0	0	0	0	0
H4	0	0	0.1538	0.0769	0	0	0.7692	0	0	0	0	0	0	0	0	0	0	0	0	0	0	0	0	0	0	0	0	0	0	0	0	0	0	0	0	0	0	0	0	0	0
H5	0	0.087	0	0	0.0435	0.4348	0	0.4348	0	0	0	0	0	0	0	0	0	0	0	0	0	0	0	0	0	0	0	0	0	0	0	0	0	0	0	0	0	0	0	0	0
H6	0	0	0.08	0	0.08	0.04	0.4	0	0.4	0	0	0	0	0	0	0	0	0	0	0	0	0	0	0	0	0	0	0	0	0	0	0	0	0	0	0	0	0	0	0	0
H7	0	0	0	0.1333	0	0.1333	0.0667	0	0	0.6667	0	0	0	0	0	0	0	0	0	0	0	0	0	0	0	0	0	0	0	0	0	0	0	0	0	0	0	0	0	0	0
H8	0	0	0	0	0.1538	0	0	0.0769	0.7692	0	0	0	0	0	0	0	0	0	0	0	0	0	0	0	0	0	0	0	0	0	0	0	0	0	0	0	0	0	0	0	0
H9	0	0	0	0	0	0.1333	0	0.1333	0.0667	0.6667	0	0	0	0	0	0	0	0	0	0	0	0	0	0	0	0	0	0	0	0	0	0	0	0	0	0	0	0	0	0	0
H10	0	0	0	0	0	0	0.1333	0	0.1333	0.0667	0.6667	0	0	0	0	0	0	0	0	0	0	0	0	0	0	0	0	0	0	0	0	0	0	0	0	0	0	0	0	0	0
H11	0	0	0	0	0	0	0	0	0	0.1538	0.0769	0.7692	0	0	0	0	0	0	0	0	0	0	0	0	0	0	0	0	0	0	0	0	0	0	0	0	0	0	0	0	0
H12	0	0	0	0	0	0	0	0	0	0	0.087	0.0435	0.4348	0	0	0	0.4348	0	0	0	0	0	0	0	0	0	0	0	0	0	0	0	0	0	0	0	0	0	0	0	0
H13	0	0	0	0	0	0	0	0	0	0	0	0.087	0.0435	0.4348	0	0	0	0.4348	0	0	0	0	0	0	0	0	0	0	0	0	0	0	0	0	0	0	0	0	0	0	0
H14	0	0	0	0	0	0	0	0	0	0	0	0	0.087	0.0435	0.4348	0	0	0	0.4348	0	0	0	0	0	0	0	0	0	0	0	0	0	0	0	0	0	0	0	0	0	0
H15	0	0	0	0	0	0	0	0	0	0	0	0	0	0.087	0.0435	0.4348	0	0	0	0.4348	0	0	0	0	0	0	0	0	0	0	0	0	0	0	0	0	0	0	0	0	0
H16	0	0	0	0	0	0	0	0	0	0	0	0	0	0	0.1538	0.0769	0	0	0	0	0.7692	0	0	0	0	0	0	0	0	0	0	0	0	0	0	0	0	0	0	0	0
H17	0	0	0	0	0	0	0	0	0	0	0	0.087	0	0	0	0	0.0435	0.4348	0	0	0	0.4348	0	0	0	0	0	0	0	0	0	0	0	0	0	0	0	0	0	0	0
H18	0	0	0	0	0	0	0	0	0	0	0	0	0.08	0	0	0	0.08	0.04	0.4	0	0	0	0.4	0	0	0	0	0	0	0	0	0	0	0	0	0	0	0	0	0	0
H19	0	0	0	0	0	0	0	0	0	0	0	0	0	0.08	0	0	0	0.08	0.04	0.4	0	0	0	0.4	0	0	0	0	0	0	0	0	0	0	0	0	0	0	0	0	0
H20	0	0	0	0	0	0	0	0	0	0	0	0	0	0	0.08	0	0	0	0.08	0.04	0.4	0	0	0	0.4	0	0	0	0	0	0	0	0	0	0	0	0	0	0	0	0
H21	0	0	0	0	0	0	0	0	0	0	0	0	0	0	0	0.1333	0	0	0	0.1333	0.0667	0	0	0	0	0.6667	0	0	0	0	0	0	0	0	0	0	0	0	0	0	0
H22	0	0	0	0	0	0	0	0	0	0	0	0	0	0	0	0	0.1538	0	0	0	0	0.0769	0.7692	0	0	0	0	0	0	0	0	0	0	0	0	0	0	0	0	0	0
H23	0	0	0	0	0	0	0	0	0	0	0	0	0	0	0	0	0	0.1333	0	0	0	0.1333	0.0667	0.6667	0	0	0	0	0	0	0	0	0	0	0	0	0	0	0	0	0
H24	0	0	0	0	0	0	0	0	0	0	0	0	0	0	0	0	0	0	0.1333	0	0	0	0.1333	0.0667	0.6667	0	0	0	0	0	0	0	0	0	0	0	0	0	0	0	0
H25	0	0	0	0	0	0	0	0	0	0	0	0	0	0	0	0	0	0	0	0.1333	0	0	0	0.1333	0.0667	0.6667	0	0	0	0	0	0	0	0	0	0	0	0	0	0	0
H26	0	0	0	0	0	0	0	0	0	0	0	0	0	0	0	0	0	0	0	0	0.1333	0	0	0	0.1333	0.0667	0.6667	0	0	0	0	0	0	0	0	0	0	0	0	0	0
H27	0	0	0	0	0	0	0	0	0	0	0	0	0	0	0	0	0	0	0	0	0	0	0	0	0	0.087	0.0435	0.4348	0	0	0	0	0	0	0	0.4348	0	0	0	0	0
H28	0	0	0	0	0	0	0	0	0	0	0	0	0	0	0	0	0	0	0	0	0	0	0	0	0	0	0.1538	0.0769	0.7692	0	0	0	0	0	0	0	0	0	0	0	0
H29	0	0	0	0	0	0	0	0	0	0	0	0	0	0	0	0	0	0	0	0	0	0	0	0	0	0	0	0.1538	0.0769	0.7692	0	0	0	0	0	0	0	0	0	0	0
H30	0	0	0	0	0	0	0	0	0	0	0	0	0	0	0	0	0	0	0	0	0	0	0	0	0	0	0	0	0.1538	0.0769	0.7692	0	0	0	0	0	0	0	0	0	0
H31	0	0	0	0	0	0	0	0	0	0	0	0	0	0	0	0	0	0	0	0	0	0	0	0	0	0	0	0	0	0.1538	0.0769	0.7692	0	0	0	0	0	0	0	0	0
H32	0	0	0	0	0	0	0	0	0	0	0	0	0	0	0	0	0	0	0	0	0	0	0	0	0	0	0	0	0	0	0.087	0.0435	0.4348	0	0	0	0.4348	0	0	0	0
H33	0	0	0	0	0	0	0	0	0	0	0	0	0	0	0	0	0	0	0	0	0	0	0	0	0	0	0	0	0	0	0	0.1538	0.0769	0.7692	0	0	0	0	0	0	0
H34	0	0	0	0	0	0	0	0	0	0	0	0	0	0	0	0	0	0	0	0	0	0	0	0	0	0	0	0	0	0	0	0	0.1538	0.0769	0.7692	0	0	0	0	0	0
H35	0	0	0	0	0	0	0	0	0	0	0	0	0	0	0	0	0	0	0	0	0	0	0	0	0	0	0	0	0	0	0	0	0	0.1538	0.0769	0.7692	0	0	0	0	0
H36	0	0	0	0	0	0	0	0	0	0	0	0	0	0	0	0	0	0	0	0	0	0	0	0	0	0	0.4	0	0	0	0	0	0	0	0.4	0.2	0	0	0	0	0
H37	0	0	0	0	0	0	0	0	0	0	0	0	0	0	0	0	0	0	0	0	0	0	0	0	0	0	0	0	0	0	0	0.0606	0	0	0	0	0.0303	0.303	0.303	0.303	0
H38	0	0	0	0	0	0	0	0	0	0	0	0	0	0	0	0	0	0	0	0	0	0	0	0	0	0	0	0	0	0	0	0	0	0	0	0	0.6667	0.3333	0	0	0
H39	0	0	0	0	0	0	0	0	0	0	0	0	0	0	0	0	0	0	0	0	0	0	0	0	0	0	0	0	0	0	0	0	0	0	0	0	0.6667	0	0.3333	0	0
H40	0	0	0	0	0	0	0	0	0	0	0	0	0	0	0	0	0	0	0	0	0	0	0	0	0	0	0	0	0	0	0	0	0	0	0	0	0.1538	0	0	0.0769	0.7692
H41	0	0	0	0	0	0	0	0	0	0	0	0	0	0	0	0	0	0	0	0	0	0	0	0	0	0	0	0	0	0	0	0	0	0	0	0	0	0	0	0	1
